ipo_id,company_name,nse_symbol,exchange,segment,open_date,close_date,listing_date,issue_price,price_band_low,price_band_high,lot_size,issue_size_cr,fresh_issue_cr,ofs_cr,retail_quota_pct,qib_quota_pct,nii_quota_pct,subscription_qib_x,subscription_nii_x,subscription_retail_x,subscription_total_x,listing_open_price,listing_open_quality,listing_return_pct,source,source_url,scraped_at
1,Apollo Micro Systems Ltd.,APOLLO,NSE,MAINBOARD,,,2018-01-22,275.0,,,,156.0,,,,,,42.09,963.53,39.04,176.42,465.0,PRIMARY_VERIFIED,69.09,CHITTORGARH,https://www.chittorgarh.com/ipo/ipo_perf_tracker.asp?year=2018,2026-09-04T06:29:47.031230+00:00
2,Newgen Software Technologies Ltd.,NEWGEN,NSE,MAINBOARD,,,2018-01-29,245.0,,,,424.62,,,,,,6.92,5.38,4.93,5.99,254.1,PRIMARY_VERIFIED,3.71,CHITTORGARH,https://www.chittorgarh.com/ipo/ipo_perf_tracker.asp?year=2018,2026-09-04T06:29:47.031230+00:00
3,Amber Enterprises India Ltd.,AMBER,NSE,MAINBOARD,,,2018-01-30,859.0,,,,599.6,,,,,,68.59,518.3,11.09,115.1,1175.0,PRIMARY_VERIFIED,36.79,CHITTORGARH,https://www.chittorgarh.com/ipo/ipo_perf_tracker.asp?year=2018,2026-09-04T06:29:47.031230+00:00
4,Galaxy Surfactants Ltd.,GALAXYSURF,NSE,MAINBOARD,,,2018-02-08,1480.0,,,,937.09,,,,,,22.35,6.63,5.7,14.17,1525.0,PRIMARY_VERIFIED,3.04,CHITTORGARH,https://www.chittorgarh.com/ipo/ipo_perf_tracker.asp?year=2018,2026-09-04T06:29:47.031230+00:00
5,Aster DM Healthcare Ltd.,ASTERDM,NSE,MAINBOARD,,,2018-02-26,190.0,,,,980.14,,,,,,1.36,0.7,1.11,1.17,183.0,PRIMARY_VERIFIED,-3.68,CHITTORGARH,https://www.chittorgarh.com/ipo/ipo_perf_tracker.asp?year=2018,2026-09-04T06:29:47.031230+00:00
6,H.G.Infra Engineering Ltd.,HGINFRA,NSE,MAINBOARD,,,2018-03-09,270.0,,,,462.0,,,,,,3.96,4.64,2.95,3.71,270.0,PRIMARY_VERIFIED,0.0,CHITTORGARH,https://www.chittorgarh.com/ipo/ipo_perf_tracker.asp?year=2018,2026-09-04T06:29:47.031230+00:00
7,Bharat Dynamics Ltd.,BDL,NSE,MAINBOARD,,,2018-03-23,428.0,,,,952.25,,,,,,1.5,0.44,1.33,1.26,370.0,PRIMARY_VERIFIED,-13.55,CHITTORGARH,https://www.chittorgarh.com/ipo/ipo_perf_tracker.asp?year=2018,2026-09-04T06:29:47.031230+00:00
8,Bandhan Bank Ltd.,BANDHANBNK,NSE,MAINBOARD,,,2018-03-27,375.0,,,,4473.02,,,,,,16.08,13.81,1.14,10.51,499.0,PRIMARY_VERIFIED,33.07,CHITTORGARH,https://www.chittorgarh.com/ipo/ipo_perf_tracker.asp?year=2018,2026-09-04T06:29:47.031230+00:00
9,Hindustan Aeronautics Ltd.,HAL,NSE,MAINBOARD,,,2018-03-28,1215.0,,,,4063.31,,,,,,1.74,0.03,0.36,0.98,1152.0,PRIMARY_VERIFIED,-5.19,CHITTORGARH,https://www.chittorgarh.com/ipo/ipo_perf_tracker.asp?year=2018,2026-09-04T06:29:47.031230+00:00
10,Karda Constructions Ltd.,DHARAN,NSE,MAINBOARD,,,2018-04-02,180.0,,,,77.4,,,,,,1.55,0.49,1.89,1.3,136.0,SECONDARY_VERIFIED,-24.44,CHITTORGARH,https://www.chittorgarh.com/ipo/ipo_perf_tracker.asp?year=2018,2026-09-04T06:29:47.031230+00:00
11,Sandhar Technologies Ltd.,SANDHAR,NSE,MAINBOARD,,,2018-04-02,332.0,,,,512.48,,,,,,6.43,6.18,1.3,4.59,346.1,PRIMARY_VERIFIED,4.25,CHITTORGARH,https://www.chittorgarh.com/ipo/ipo_perf_tracker.asp?year=2018,2026-09-04T06:29:47.031230+00:00
12,ICICI Securities Ltd.,ISEC,NSE,MAINBOARD,,,2018-04-04,520.0,,,,3480.12,,,,,,1.0,0.92,0.95,0.95,435.0,PRIMARY_VERIFIED,-16.35,CHITTORGARH,https://www.chittorgarh.com/ipo/ipo_perf_tracker.asp?year=2018,2026-09-04T06:29:47.031230+00:00
13,Mishra Dhatu Nigam Ltd.,MIDHANI,NSE,MAINBOARD,,,2018-04-04,90.0,,,,435.02,,,,,,1.96,0.11,0.66,1.19,87.0,PRIMARY_VERIFIED,-3.33,CHITTORGARH,https://www.chittorgarh.com/ipo/ipo_perf_tracker.asp?year=2018,2026-09-04T06:29:47.031230+00:00
14,Lemon Tree Hotels Ltd.,LEMONTREE,NSE,MAINBOARD,,,2018-04-09,56.0,,,,1038.68,,,,,,2.18,0.11,0.1,1.14,61.6,PRIMARY_VERIFIED,10.0,CHITTORGARH,https://www.chittorgarh.com/ipo/ipo_perf_tracker.asp?year=2018,2026-09-04T06:29:47.031230+00:00
15,IndoStar Capital Finance Ltd.,INDOSTAR,NSE,MAINBOARD,,,2018-05-21,572.0,,,,1844.0,,,,,,6.75,7.85,1.4,5.04,600.0,PRIMARY_VERIFIED,4.9,CHITTORGARH,https://www.chittorgarh.com/ipo/ipo_perf_tracker.asp?year=2018,2026-09-04T06:29:47.031230+00:00
16,Fine Organic Industries Ltd.,FINEORG,NSE,MAINBOARD,,,2018-07-02,783.0,,,,600.17,,,,,,6.46,18.75,1.51,6.57,815.0,PRIMARY_VERIFIED,4.09,CHITTORGARH,https://www.chittorgarh.com/ipo/ipo_perf_tracker.asp?year=2018,2026-09-04T06:29:47.031230+00:00
17,RITES Ltd.,RITES,NSE,MAINBOARD,,,2018-07-02,185.0,,,,460.51,,,,,,71.97,192.55,14.87,66.77,190.0,PRIMARY_VERIFIED,2.7,CHITTORGARH,https://www.chittorgarh.com/ipo/ipo_perf_tracker.asp?year=2018,2026-09-04T06:29:47.031230+00:00
18,Varroc Engineering Ltd.,VARROC,NSE,MAINBOARD,,,2018-07-06,967.0,,,,1955.18,,,,,,4.27,1.51,0.87,2.65,1015.0,PRIMARY_VERIFIED,4.96,CHITTORGARH,https://www.chittorgarh.com/ipo/ipo_perf_tracker.asp?year=2018,2026-09-04T06:29:47.031230+00:00
19,TCNS Clothing Co.Ltd.,TCNSBRANDS,NSE,MAINBOARD,,,2018-07-30,716.0,,,,1125.13,,,,,,6.09,4.89,0.53,3.96,716.0,PRIMARY_VERIFIED,0.0,CHITTORGARH,https://www.chittorgarh.com/ipo/ipo_perf_tracker.asp?year=2018,2026-09-04T06:29:47.031230+00:00
20,HDFC Asset Management Co.Ltd.,HDFCAMC,NSE,MAINBOARD,,,2018-08-06,1100.0,,,,2800.33,,,,,,77.51,194.39,6.22,61.39,1726.25,PRIMARY_VERIFIED,56.93,CHITTORGARH,https://www.chittorgarh.com/ipo/ipo_perf_tracker.asp?year=2018,2026-09-04T06:29:47.031230+00:00
21,CreditAccess Grameen Ltd.,CREDITACC,NSE,MAINBOARD,,,2018-08-23,422.0,,,,1131.19,,,,,,2.88,0.37,0.75,1.76,390.0,PRIMARY_VERIFIED,-7.58,CHITTORGARH,https://www.chittorgarh.com/ipo/ipo_perf_tracker.asp?year=2018,2026-09-04T06:29:47.031230+00:00
22,IRCON International Ltd.,IRCON,NSE,MAINBOARD,,,2018-09-28,475.0,,,,466.93,,,,,,12.28,3.73,9.46,9.52,412.0,PRIMARY_VERIFIED,-13.26,CHITTORGARH,https://www.chittorgarh.com/ipo/ipo_perf_tracker.asp?year=2018,2026-09-04T06:29:47.031230+00:00
23,Aavas Financiers Ltd.,AAVAS,NSE,MAINBOARD,,,2018-10-08,821.0,,,,1640.32,,,,,,1.76,0.14,0.2,0.97,750.0,PRIMARY_VERIFIED,-8.65,CHITTORGARH,https://www.chittorgarh.com/ipo/ipo_perf_tracker.asp?year=2018,2026-09-04T06:29:47.031230+00:00
24,Garden Reach Shipbuilders & Engineers Ltd.,GRSE,NSE,MAINBOARD,,,2018-10-10,118.0,,,,343.59,,,,,,1.81,0.3,0.21,1.01,102.5,PRIMARY_VERIFIED,-13.14,CHITTORGARH,https://www.chittorgarh.com/ipo/ipo_perf_tracker.asp?year=2018,2026-09-04T06:29:47.031230+00:00
25,Xelpmoc Design & Tech Ltd.,XELPMOC,NSE,MAINBOARD,,,2019-02-04,66.0,,,,23.0,,,,,,1.68,8.21,2.31,2.72,57.0,PRIMARY_VERIFIED,-13.64,CHITTORGARH,https://www.chittorgarh.com/ipo/ipo_perf_tracker.asp?year=2019,2026-09-04T06:29:49.152263+00:00
26,Chalet Hotels Ltd.,CHALET,NSE,MAINBOARD,,,2019-02-07,280.0,,,,1641.18,,,,,,2.51,0.99,0.02,1.41,294.0,PRIMARY_VERIFIED,5.0,CHITTORGARH,https://www.chittorgarh.com/ipo/ipo_perf_tracker.asp?year=2019,2026-09-04T06:29:49.152263+00:00
27,MSTC Ltd.,MSTCLTD,NSE,MAINBOARD,,,2019-03-29,120.0,,,,211.04,,,,,,1.13,1.69,2.65,1.36,115.0,PRIMARY_VERIFIED,-4.17,CHITTORGARH,https://www.chittorgarh.com/ipo/ipo_perf_tracker.asp?year=2019,2026-09-04T06:29:49.152263+00:00
28,Embassy Office Parks,EMBASSY,NSE,MAINBOARD,,,2019-04-01,300.0,,,,4750.0,,,,,,1.48,2.94,,1.69,308.0,SECONDARY_VERIFIED,2.67,CHITTORGARH,https://www.chittorgarh.com/ipo/ipo_perf_tracker.asp?year=2019,2026-09-04T06:29:49.152263+00:00
29,Rail Vikas Nigam Ltd.,RVNL,NSE,MAINBOARD,,,2019-04-11,19.0,,,,476.86,,,,,,1.36,0.67,2.64,1.7,19.0,PRIMARY_VERIFIED,0.0,CHITTORGARH,https://www.chittorgarh.com/ipo/ipo_perf_tracker.asp?year=2019,2026-09-04T06:29:49.152263+00:00
30,Metropolis Healthcare Ltd.,METROPOLIS,NSE,MAINBOARD,,,2019-04-15,880.0,,,,1204.29,,,,,,4.19,2.75,2.05,3.68,958.0,PRIMARY_VERIFIED,8.86,CHITTORGARH,https://www.chittorgarh.com/ipo/ipo_perf_tracker.asp?year=2019,2026-09-04T06:29:49.152263+00:00
31,Polycab India Ltd.,POLYCAB,NSE,MAINBOARD,,,2019-04-16,538.0,,,,1345.26,,,,,,37.88,108.64,4.36,36.51,633.0,PRIMARY_VERIFIED,17.66,CHITTORGARH,https://www.chittorgarh.com/ipo/ipo_perf_tracker.asp?year=2019,2026-09-04T06:29:49.152263+00:00
32,Neogen Chemicals Ltd.,NEOGEN,NSE,MAINBOARD,,,2019-05-08,215.0,,,,132.35,,,,,,12.94,114.06,15.38,28.96,251.0,PRIMARY_VERIFIED,16.74,CHITTORGARH,https://www.chittorgarh.com/ipo/ipo_perf_tracker.asp?year=2019,2026-09-04T06:29:49.152263+00:00
33,Barak Valley Cements Ltd.,,NSE,MAINBOARD,,,2019-07-01,42.0,,,,23.77,,,,,,24.17,21.63,38.65,28.3,62.6,SECONDARY_VERIFIED,49.05,CHITTORGARH,https://www.chittorgarh.com/ipo/ipo_perf_tracker.asp?year=2019,2026-09-04T06:29:49.152263+00:00
34,IndiaMART InterMESH Ltd.,INDIAMART,NSE,MAINBOARD,,,2019-07-04,973.0,,,,475.49,,,,,,12.95,62.08,13.15,20.31,1180.0,PRIMARY_VERIFIED,21.27,CHITTORGARH,https://www.chittorgarh.com/ipo/ipo_perf_tracker.asp?year=2019,2026-09-04T06:29:49.152263+00:00
35,Affle (India) Ltd.,AFFLE,NSE,MAINBOARD,,,2019-08-08,745.0,,,,459.0,,,,,,22.57,198.34,10.23,47.7,926.0,PRIMARY_VERIFIED,24.3,CHITTORGARH,https://www.chittorgarh.com/ipo/ipo_perf_tracker.asp?year=2019,2026-09-04T06:29:49.152263+00:00
36,Spandana Sphoorty Financial Ltd.,SPANDANA,NSE,MAINBOARD,,,2019-08-19,856.0,,,,1189.85,,,,,,1.89,0.49,0.09,1.05,825.0,PRIMARY_VERIFIED,-3.62,CHITTORGARH,https://www.chittorgarh.com/ipo/ipo_perf_tracker.asp?year=2019,2026-09-04T06:29:49.152263+00:00
37,Sterling & Wilson Solar Ltd.,SWSOLAR,NSE,MAINBOARD,,,2019-08-20,780.0,,,,2849.64,,,,,,1.0,0.94,0.93,0.99,706.0,PRIMARY_VERIFIED,-9.49,CHITTORGARH,https://www.chittorgarh.com/ipo/ipo_perf_tracker.asp?year=2019,2026-09-04T06:29:49.152263+00:00
38,Indian Railway Catering & Tourism Corp.Ltd.,IRCTC,NSE,MAINBOARD,,,2019-10-14,320.0,,,,637.97,,,,,,105.55,351.03,13.28,109.21,626.0,PRIMARY_VERIFIED,95.62,CHITTORGARH,https://www.chittorgarh.com/ipo/ipo_perf_tracker.asp?year=2019,2026-09-04T06:29:49.152263+00:00
39,Vishwaraj Sugar Industries Ltd.,VISHWARAJ,NSE,MAINBOARD,,,2019-10-15,60.0,,,,60.0,,,,,,1.0,1.75,0.59,1.09,61.2,PRIMARY_VERIFIED,2.0,CHITTORGARH,https://www.chittorgarh.com/ipo/ipo_perf_tracker.asp?year=2019,2026-09-04T06:29:49.152263+00:00
40,Precision Pipes & Profiles Co.Ltd.,,NSE,MAINBOARD,,,2019-12-02,150.0,,,,75.0,,,,,,5.39,8.26,19.02,10.59,165.0,SECONDARY_VERIFIED,10.0,CHITTORGARH,https://www.chittorgarh.com/ipo/ipo_perf_tracker.asp?year=2019,2026-09-04T06:29:49.152263+00:00
41,CSB Bank Ltd.,CSBBANK,NSE,MAINBOARD,,,2019-12-04,195.0,,,,409.68,,,,,,25.52,164.27,40.98,47.88,275.0,PRIMARY_VERIFIED,41.03,CHITTORGARH,https://www.chittorgarh.com/ipo/ipo_perf_tracker.asp?year=2019,2026-09-04T06:29:49.152263+00:00
42,Ujjivan Small Finance Bank Ltd.,UJJIVANSFB,NSE,MAINBOARD,,,2019-12-12,37.0,,,,745.95,,,,,,46.3,473.33,45.29,99.61,58.75,PRIMARY_VERIFIED,58.78,CHITTORGARH,https://www.chittorgarh.com/ipo/ipo_perf_tracker.asp?year=2019,2026-09-04T06:29:49.152263+00:00
43,Manaksia Ltd.,,NSE,MAINBOARD,,,2019-12-26,160.0,,,,248.0,,,,,,13.7,1.51,4.67,8.66,175.3,SECONDARY_VERIFIED,9.56,CHITTORGARH,https://www.chittorgarh.com/ipo/ipo_perf_tracker.asp?year=2019,2026-09-04T06:29:49.152263+00:00
44,Prince Pipes & Fittings Ltd.,PRINCEPIPE,NSE,MAINBOARD,,,2019-12-30,178.0,,,,500.0,,,,,,2.02,0.52,1.63,1.66,160.0,PRIMARY_VERIFIED,-10.11,CHITTORGARH,https://www.chittorgarh.com/ipo/ipo_perf_tracker.asp?year=2019,2026-09-04T06:29:49.152263+00:00
45,SBI Cards & Payment Services Ltd.,SBICARD,NSE,MAINBOARD,,,2020-03-16,755.0,,,,10340.79,,,,,,23.41,43.42,2.17,19.21,661.0,PRIMARY_VERIFIED,-12.45,CHITTORGARH,https://www.chittorgarh.com/ipo/ipo_perf_tracker.asp?year=2020,2026-09-04T06:29:51.252918+00:00
46,Rossari Biotech Ltd.,ROSSARI,NSE,MAINBOARD,,,2020-07-23,425.0,,,,496.25,,,,,,34.83,236.79,6.2,55.11,669.25,PRIMARY_VERIFIED,57.47,CHITTORGARH,https://www.chittorgarh.com/ipo/ipo_perf_tracker.asp?year=2020,2026-09-04T06:29:51.252918+00:00
47,Yes Bank Ltd.,YESBANK,NSE,MAINBOARD,,,2020-07-27,12.0,,,,15000.0,,,,,,1.37,1.2,0.41,1.0,12.3,PRIMARY_VERIFIED,2.5,CHITTORGARH,https://www.chittorgarh.com/ipo/ipo_perf_tracker.asp?year=2020,2026-09-04T06:29:51.252918+00:00
48,Mindspace Business Parks,MINDSPACE,NSE,MAINBOARD,,,2020-08-07,275.0,,,,4500.0,,,,,,4.89,15.54,,5.91,302.0,SECONDARY_VERIFIED,9.82,CHITTORGARH,https://www.chittorgarh.com/ipo/ipo_perf_tracker.asp?year=2020,2026-09-04T06:29:51.252918+00:00
49,Happiest Minds Technologies Ltd.,HAPPSTMNDS,NSE,MAINBOARD,,,2020-09-17,166.0,,,,702.02,,,,,,31.96,348.43,60.3,82.26,350.0,PRIMARY_VERIFIED,110.84,CHITTORGARH,https://www.chittorgarh.com/ipo/ipo_perf_tracker.asp?year=2020,2026-09-04T06:29:51.252918+00:00
50,Route Mobile Ltd.,ROUTE,NSE,MAINBOARD,,,2020-09-21,350.0,,,,600.0,,,,,,37.31,193.78,11.54,51.76,717.0,PRIMARY_VERIFIED,104.86,CHITTORGARH,https://www.chittorgarh.com/ipo/ipo_perf_tracker.asp?year=2020,2026-09-04T06:29:51.252918+00:00
51,Chemcon Speciality Chemicals Ltd.,CHEMCON,NSE,MAINBOARD,,,2020-10-01,340.0,,,,318.0,,,,,,44.62,445.91,35.79,101.72,731.0,PRIMARY_VERIFIED,115.0,CHITTORGARH,https://www.chittorgarh.com/ipo/ipo_perf_tracker.asp?year=2020,2026-09-04T06:29:51.252918+00:00
52,Computer Age Management Services Ltd.,CAMS,NSE,MAINBOARD,,,2020-10-01,1230.0,,,,2243.12,,,,,,29.9,111.31,4.85,33.02,1518.0,SECONDARY_VERIFIED,23.41,CHITTORGARH,https://www.chittorgarh.com/ipo/ipo_perf_tracker.asp?year=2020,2026-09-04T06:29:51.252918+00:00
53,Angel Broking Ltd.,ANGELONE,NSE,MAINBOARD,,,2020-10-05,306.0,,,,600.0,,,,,,2.9,0.51,3.36,2.7,275.0,SECONDARY_VERIFIED,-10.13,CHITTORGARH,https://www.chittorgarh.com/ipo/ipo_perf_tracker.asp?year=2020,2026-09-04T06:29:51.252918+00:00
54,Mazagon Dock Shipbuilders Ltd.,MAZDOCK,NSE,MAINBOARD,,,2020-10-12,145.0,,,,443.69,,,,,,89.87,673.67,32.15,155.51,214.9,PRIMARY_VERIFIED,48.21,CHITTORGARH,https://www.chittorgarh.com/ipo/ipo_perf_tracker.asp?year=2020,2026-09-04T06:29:51.252918+00:00
55,UTI Asset Management Co.Ltd.,UTIAMC,NSE,MAINBOARD,,,2020-10-12,554.0,,,,2159.88,,,,,,1.96,0.58,1.97,1.75,500.0,PRIMARY_VERIFIED,-9.75,CHITTORGARH,https://www.chittorgarh.com/ipo/ipo_perf_tracker.asp?year=2020,2026-09-04T06:29:51.252918+00:00
56,Likhitha Infrastructure Ltd.,LIKHITHA,NSE,MAINBOARD,,,2020-10-15,120.0,,,,61.2,,,,,,21.0,1.45,19.48,7.96,130.0,PRIMARY_VERIFIED,8.33,CHITTORGARH,https://www.chittorgarh.com/ipo/ipo_perf_tracker.asp?year=2020,2026-09-04T06:29:51.252918+00:00
57,Equitas Small Finance Bank Ltd.,EQUITASBNK,NSE,MAINBOARD,,,2020-11-02,33.0,,,,517.6,,,,,,2.15,0.16,1.53,1.53,31.1,PRIMARY_VERIFIED,-5.76,CHITTORGARH,https://www.chittorgarh.com/ipo/ipo_perf_tracker.asp?year=2020,2026-09-04T06:29:51.252918+00:00
58,Gland Pharma Ltd.,GLAND,NSE,MAINBOARD,,,2020-11-20,1500.0,,,,6479.55,,,,,,3.16,0.5,0.19,1.72,1710.0,PRIMARY_VERIFIED,14.0,CHITTORGARH,https://www.chittorgarh.com/ipo/ipo_perf_tracker.asp?year=2020,2026-09-04T06:29:51.252918+00:00
59,Burger King India Ltd.,RBA,NSE,MAINBOARD,,,2020-12-14,60.0,,,,810.0,,,,,,35.18,357.06,56.92,85.64,112.5,SECONDARY_VERIFIED,87.5,CHITTORGARH,https://www.chittorgarh.com/ipo/ipo_perf_tracker.asp?year=2020,2026-09-04T06:29:51.252918+00:00
60,Mrs.Bectors Food Specialities Ltd.,BECTORFOOD,NSE,MAINBOARD,,,2020-12-24,288.0,,,,540.54,,,,,,71.83,619.66,25.44,137.63,500.0,PRIMARY_VERIFIED,73.61,CHITTORGARH,https://www.chittorgarh.com/ipo/ipo_perf_tracker.asp?year=2020,2026-09-04T06:29:51.252918+00:00
61,Antony Waste Handling Cell Ltd.,AWHCL,NSE,MAINBOARD,,,2021-01-01,315.0,,,,299.99,,,,,,4.46,18.57,13.72,9.82,436.1,PRIMARY_VERIFIED,38.44,CHITTORGARH,https://www.chittorgarh.com/ipo/ipo_perf_tracker.asp?year=2021,2026-09-04T06:29:53.375157+00:00
62,Indian Railway Finance Corp.Ltd.,IRFC,NSE,MAINBOARD,,,2021-01-29,26.0,,,,4633.38,,,,,,2.14,2.34,2.88,2.43,24.9,PRIMARY_VERIFIED,-4.23,CHITTORGARH,https://www.chittorgarh.com/ipo/ipo_perf_tracker.asp?year=2021,2026-09-04T06:29:53.375157+00:00
63,Indigo Paints Ltd.,INDIGOPNTS,NSE,MAINBOARD,,,2021-02-02,1490.0,,,,1169.12,,,,,,76.5,261.93,13.74,81.62,2607.5,PRIMARY_VERIFIED,75.0,CHITTORGARH,https://www.chittorgarh.com/ipo/ipo_perf_tracker.asp?year=2021,2026-09-04T06:29:53.375157+00:00
64,Home First Finance Co.India Ltd.,HOMEFIRST,NSE,MAINBOARD,,,2021-02-03,518.0,,,,1153.72,,,,,,21.91,37.68,5.76,18.62,618.8,PRIMARY_VERIFIED,19.46,CHITTORGARH,https://www.chittorgarh.com/ipo/ipo_perf_tracker.asp?year=2021,2026-09-04T06:29:53.375157+00:00
65,Stove Kraft Ltd.,STOVEKRAFT,NSE,MAINBOARD,,,2021-02-05,385.0,,,,412.62,,,,,,3.86,31.64,21.05,9.75,498.0,PRIMARY_VERIFIED,29.35,CHITTORGARH,https://www.chittorgarh.com/ipo/ipo_perf_tracker.asp?year=2021,2026-09-04T06:29:53.375157+00:00
66,Brookfield India Real Estate Trust,BIRET,NSE,MAINBOARD,,,2021-02-16,275.0,,,,3800.0,,,,,,2.52,11.34,,4.72,281.7,SECONDARY_VERIFIED,2.44,CHITTORGARH,https://www.chittorgarh.com/ipo/ipo_perf_tracker.asp?year=2021,2026-09-04T06:29:53.375157+00:00
67,Nureca Ltd.,NURECA,NSE,MAINBOARD,,,2021-02-25,400.0,,,,100.0,,,,,,1.85,30.19,140.53,19.76,615.0,PRIMARY_VERIFIED,53.75,CHITTORGARH,https://www.chittorgarh.com/ipo/ipo_perf_tracker.asp?year=2021,2026-09-04T06:29:53.375157+00:00
68,RailTel Corp.of India Ltd.,RAILTEL,NSE,MAINBOARD,,,2021-02-26,94.0,,,,819.24,,,,,,26.74,72.48,14.76,29.24,109.0,PRIMARY_VERIFIED,15.96,CHITTORGARH,https://www.chittorgarh.com/ipo/ipo_perf_tracker.asp?year=2021,2026-09-04T06:29:53.375157+00:00
69,Heranba Industries Ltd.,HERANBA,NSE,MAINBOARD,,,2021-03-05,627.0,,,,625.24,,,,,,27.59,266.77,10.52,57.49,900.0,PRIMARY_VERIFIED,43.54,CHITTORGARH,https://www.chittorgarh.com/ipo/ipo_perf_tracker.asp?year=2021,2026-09-04T06:29:53.375157+00:00
70,MTAR Technologies Ltd.,MTARTECH,NSE,MAINBOARD,,,2021-03-15,575.0,,,,596.41,,,,,,66.64,643.47,25.3,138.7,1050.0,PRIMARY_VERIFIED,82.61,CHITTORGARH,https://www.chittorgarh.com/ipo/ipo_perf_tracker.asp?year=2021,2026-09-04T06:29:53.375157+00:00
71,Easy Trip Planners Ltd.,EASEMYTRIP,NSE,MAINBOARD,,,2021-03-19,187.0,,,,510.0,,,,,,31.83,383.34,62.95,87.67,212.25,PRIMARY_VERIFIED,13.5,CHITTORGARH,https://www.chittorgarh.com/ipo/ipo_perf_tracker.asp?year=2021,2026-09-04T06:29:53.375157+00:00
72,Anupam Rasayan India Ltd.,ANURAS,NSE,MAINBOARD,,,2021-03-24,555.0,,,,760.0,,,,,,27.06,97.7,9.42,31.0,520.0,PRIMARY_VERIFIED,-6.31,CHITTORGARH,https://www.chittorgarh.com/ipo/ipo_perf_tracker.asp?year=2021,2026-09-04T06:29:53.375157+00:00
73,Craftsman Automation Ltd.,CRAFTSMAN,NSE,MAINBOARD,,,2021-03-25,1490.0,,,,823.7,,,,,,2.7,2.27,2.73,2.64,1359.0,PRIMARY_VERIFIED,-8.79,CHITTORGARH,https://www.chittorgarh.com/ipo/ipo_perf_tracker.asp?year=2021,2026-09-04T06:29:53.375157+00:00
74,Laxmi Organic Industries Ltd.,LXCHEM,NSE,MAINBOARD,,,2021-03-25,130.0,,,,600.0,,,,,,71.29,218.79,18.03,74.78,155.5,PRIMARY_VERIFIED,19.62,CHITTORGARH,https://www.chittorgarh.com/ipo/ipo_perf_tracker.asp?year=2021,2026-09-04T06:29:53.375157+00:00
75,Kalyan Jewellers India Ltd.,KALYANKJIL,NSE,MAINBOARD,,,2021-03-26,87.0,,,,1174.82,,,,,,1.75,1.35,2.18,1.84,73.95,PRIMARY_VERIFIED,-15.0,CHITTORGARH,https://www.chittorgarh.com/ipo/ipo_perf_tracker.asp?year=2021,2026-09-04T06:29:53.375157+00:00
76,Suryoday Small Finance Bank Ltd.,SURYODAY,NSE,MAINBOARD,,,2021-03-26,305.0,,,,581.98,,,,,,1.47,1.18,2.35,1.7,292.0,PRIMARY_VERIFIED,-4.26,CHITTORGARH,https://www.chittorgarh.com/ipo/ipo_perf_tracker.asp?year=2021,2026-09-04T06:29:53.375157+00:00
77,Nazara Technologies Ltd.,NAZARA,NSE,MAINBOARD,,,2021-03-30,1101.0,,,,582.69,,,,,,42.3,387.66,67.76,96.29,1990.0,PRIMARY_VERIFIED,80.74,CHITTORGARH,https://www.chittorgarh.com/ipo/ipo_perf_tracker.asp?year=2021,2026-09-04T06:29:53.375157+00:00
78,Barbeque-Nation Hospitality Ltd.,BARBEQUE,NSE,MAINBOARD,,,2021-04-07,500.0,,,,452.87,,,,,,2.65,3.06,9.22,3.35,489.85,PRIMARY_VERIFIED,-2.03,CHITTORGARH,https://www.chittorgarh.com/ipo/ipo_perf_tracker.asp?year=2021,2026-09-04T06:29:53.375157+00:00
79,Macrotech Developers Ltd.,LODHA,NSE,MAINBOARD,,,2021-04-19,486.0,,,,2500.0,,,,,,1.83,1.02,0.24,1.14,436.0,PRIMARY_VERIFIED,-10.29,CHITTORGARH,https://www.chittorgarh.com/ipo/ipo_perf_tracker.asp?year=2021,2026-09-04T06:29:53.375157+00:00
80,POWERGRID Infrastructure Investment Trust,PGINVIT,NSE,MAINBOARD,,,2021-05-14,100.0,,,,7734.99,,,,,,2.51,4.62,,3.04,104.0,SECONDARY_VERIFIED,4.0,CHITTORGARH,https://www.chittorgarh.com/ipo/ipo_perf_tracker.asp?year=2021,2026-09-04T06:29:53.375157+00:00
81,Shyam Metalics & Energy Ltd.,SHYAMMETL,NSE,MAINBOARD,,,2021-06-24,306.0,,,,908.8,,,,,,63.52,334.48,10.0,84.58,380.0,PRIMARY_VERIFIED,24.18,CHITTORGARH,https://www.chittorgarh.com/ipo/ipo_perf_tracker.asp?year=2021,2026-09-04T06:29:53.375157+00:00
82,Sona BLW Precision Forgings Ltd.,SONACOMS,NSE,MAINBOARD,,,2021-06-24,291.0,,,,5550.0,,,,,,2.03,0.36,1.21,1.69,301.0,PRIMARY_VERIFIED,3.44,CHITTORGARH,https://www.chittorgarh.com/ipo/ipo_perf_tracker.asp?year=2021,2026-09-04T06:29:53.375157+00:00
83,Dodla Dairy Ltd.,DODLA,NSE,MAINBOARD,,,2021-06-28,428.0,,,,520.18,,,,,,34.55,73.33,9.7,31.67,550.0,PRIMARY_VERIFIED,28.5,CHITTORGARH,https://www.chittorgarh.com/ipo/ipo_perf_tracker.asp?year=2021,2026-09-04T06:29:53.375157+00:00
84,Krishna Institute of Medical Sciences Ltd.,KIMS,NSE,MAINBOARD,,,2021-06-28,825.0,,,,2143.74,,,,,,2.74,1.81,2.13,2.52,1009.0,PRIMARY_VERIFIED,22.3,CHITTORGARH,https://www.chittorgarh.com/ipo/ipo_perf_tracker.asp?year=2021,2026-09-04T06:29:53.375157+00:00
85,India Pesticides Ltd.,IPL,NSE,MAINBOARD,,,2021-07-05,296.0,,,,800.0,,,,,,18.11,52.96,9.66,20.38,350.0,PRIMARY_VERIFIED,18.24,CHITTORGARH,https://www.chittorgarh.com/ipo/ipo_perf_tracker.asp?year=2021,2026-09-04T06:29:53.375157+00:00
86,Clean Science & Technology Ltd.,CLEAN,NSE,MAINBOARD,,,2021-07-19,900.0,,,,1546.62,,,,,,65.42,206.03,8.09,66.45,1755.0,PRIMARY_VERIFIED,95.0,CHITTORGARH,https://www.chittorgarh.com/ipo/ipo_perf_tracker.asp?year=2021,2026-09-04T06:29:53.375157+00:00
87,G R Infraprojects Ltd.,GRINFRA,NSE,MAINBOARD,,,2021-07-19,837.0,,,,962.37,,,,,,68.18,236.95,11.11,72.11,1715.85,PRIMARY_VERIFIED,105.0,CHITTORGARH,https://www.chittorgarh.com/ipo/ipo_perf_tracker.asp?year=2021,2026-09-04T06:29:53.375157+00:00
88,Zomato Ltd.,ETERNAL,NSE,MAINBOARD,,,2021-07-23,76.0,,,,9375.0,,,,,,22.53,34.44,6.34,22.58,115.0,SECONDARY_VERIFIED,51.32,CHITTORGARH,https://www.chittorgarh.com/ipo/ipo_perf_tracker.asp?year=2021,2026-09-04T06:29:53.375157+00:00
89,Tatva Chintan Pharma Chem Ltd.,TATVA,NSE,MAINBOARD,,,2021-07-29,1083.0,,,,500.0,,,,,,76.15,503.11,31.37,124.52,2111.85,PRIMARY_VERIFIED,95.0,CHITTORGARH,https://www.chittorgarh.com/ipo/ipo_perf_tracker.asp?year=2021,2026-09-04T06:29:53.375157+00:00
90,Glenmark Life Sciences Ltd.,ALIVUS,NSE,MAINBOARD,,,2021-08-06,720.0,,,,1513.6,,,,,,15.51,124.82,12.98,31.02,750.0,SECONDARY_VERIFIED,4.17,CHITTORGARH,https://www.chittorgarh.com/ipo/ipo_perf_tracker.asp?year=2021,2026-09-04T06:29:53.375157+00:00
91,Rolex Rings Ltd.,ROLEXRINGS,NSE,MAINBOARD,,,2021-08-09,900.0,,,,731.0,,,,,,57.88,355.67,21.67,89.88,1250.0,PRIMARY_VERIFIED,38.89,CHITTORGARH,https://www.chittorgarh.com/ipo/ipo_perf_tracker.asp?year=2021,2026-09-04T06:29:53.375157+00:00
92,Devyani International Ltd.,DEVYANI,NSE,MAINBOARD,,,2021-08-16,90.0,,,,1838.0,,,,,,38.63,212.03,34.0,64.01,140.9,PRIMARY_VERIFIED,56.56,CHITTORGARH,https://www.chittorgarh.com/ipo/ipo_perf_tracker.asp?year=2021,2026-09-04T06:29:53.375157+00:00
93,Exxaro Tiles Ltd.,EXXARO,NSE,MAINBOARD,,,2021-08-16,120.0,,,,160.78,,,,,,7.81,4.56,32.2,16.12,126.0,PRIMARY_VERIFIED,5.0,CHITTORGARH,https://www.chittorgarh.com/ipo/ipo_perf_tracker.asp?year=2021,2026-09-04T06:29:53.375157+00:00
94,Krsnaa Diagnostics Ltd.,KRSNAA,NSE,MAINBOARD,,,2021-08-16,954.0,,,,1213.33,,,,,,20.55,114.47,37.15,35.65,1005.55,PRIMARY_VERIFIED,5.4,CHITTORGARH,https://www.chittorgarh.com/ipo/ipo_perf_tracker.asp?year=2021,2026-09-04T06:29:53.375157+00:00
95,Windlas Biotech Ltd.,WINDLAS,NSE,MAINBOARD,,,2021-08-16,460.0,,,,401.54,,,,,,10.23,14.76,20.59,14.54,437.0,PRIMARY_VERIFIED,-5.0,CHITTORGARH,https://www.chittorgarh.com/ipo/ipo_perf_tracker.asp?year=2021,2026-09-04T06:29:53.375157+00:00
96,CarTrade Tech Ltd.,CARTRADE,NSE,MAINBOARD,,,2021-08-20,1618.0,,,,2998.51,,,,,,14.73,39.85,2.3,14.15,1599.8,PRIMARY_VERIFIED,-1.12,CHITTORGARH,https://www.chittorgarh.com/ipo/ipo_perf_tracker.asp?year=2021,2026-09-04T06:29:53.375157+00:00
97,Nuvoco Vistas Corp.Ltd.,NUVOCO,NSE,MAINBOARD,,,2021-08-23,570.0,,,,5000.0,,,,,,2.34,0.6,0.53,1.45,485.0,PRIMARY_VERIFIED,-14.91,CHITTORGARH,https://www.chittorgarh.com/ipo/ipo_perf_tracker.asp?year=2021,2026-09-04T06:29:53.375157+00:00
98,Aptus Value Housing Finance India Ltd.,APTUS,NSE,MAINBOARD,,,2021-08-24,353.0,,,,2780.05,,,,,,13.58,32.71,1.04,12.06,333.0,PRIMARY_VERIFIED,-5.67,CHITTORGARH,https://www.chittorgarh.com/ipo/ipo_perf_tracker.asp?year=2021,2026-09-04T06:29:53.375157+00:00
99,Chemplast Sanmar Ltd.,CHEMPLASTS,NSE,MAINBOARD,,,2021-08-24,541.0,,,,3850.0,,,,,,1.72,1.02,1.64,1.61,550.0,PRIMARY_VERIFIED,1.66,CHITTORGARH,https://www.chittorgarh.com/ipo/ipo_perf_tracker.asp?year=2021,2026-09-04T06:29:53.375157+00:00
100,Ami Organics Ltd.,ACUTAAS,NSE,MAINBOARD,,,2021-09-14,610.0,,,,569.64,,,,,,34.65,155.84,11.3,44.66,910.0,SECONDARY_VERIFIED,49.18,CHITTORGARH,https://www.chittorgarh.com/ipo/ipo_perf_tracker.asp?year=2021,2026-09-04T06:29:53.375157+00:00
101,Vijaya Diagnostic Centre Ltd.,VIJAYA,NSE,MAINBOARD,,,2021-09-14,531.0,,,,1894.43,,,,,,5.84,0.88,0.7,3.29,540.0,PRIMARY_VERIFIED,1.69,CHITTORGARH,https://www.chittorgarh.com/ipo/ipo_perf_tracker.asp?year=2021,2026-09-04T06:29:53.375157+00:00
102,Sansera Engineering Ltd.,SANSERA,NSE,MAINBOARD,,,2021-09-24,744.0,,,,1282.52,,,,,,11.19,11.16,2.34,8.03,811.5,PRIMARY_VERIFIED,9.07,CHITTORGARH,https://www.chittorgarh.com/ipo/ipo_perf_tracker.asp?year=2021,2026-09-04T06:29:53.375157+00:00
103,Paras Defence & Space Technologies Ltd.,PARAS,NSE,MAINBOARD,,,2021-10-01,175.0,,,,170.78,,,,,,70.75,962.89,100.8,215.09,469.0,PRIMARY_VERIFIED,168.0,CHITTORGARH,https://www.chittorgarh.com/ipo/ipo_perf_tracker.asp?year=2021,2026-09-04T06:29:53.375157+00:00
104,Aditya Birla Sun Life AMC Ltd.,ABSLAMC,NSE,MAINBOARD,,,2021-10-11,712.0,,,,2768.26,,,,,,4.74,2.71,2.36,3.58,715.0,PRIMARY_VERIFIED,0.42,CHITTORGARH,https://www.chittorgarh.com/ipo/ipo_perf_tracker.asp?year=2021,2026-09-04T06:29:53.375157+00:00
105,FSN E-Commerce Ventures Ltd.,NYKAA,NSE,MAINBOARD,,,2021-11-10,1125.0,,,,5349.72,,,,,,37.54,110.16,10.28,45.47,2018.0,PRIMARY_VERIFIED,79.38,CHITTORGARH,https://www.chittorgarh.com/ipo/ipo_perf_tracker.asp?year=2021,2026-09-04T06:29:53.375157+00:00
106,Fino Payments Bank Ltd.,FINOPB,NSE,MAINBOARD,,,2021-11-12,577.0,,,,1200.29,,,,,,1.26,0.15,3.78,1.34,544.35,PRIMARY_VERIFIED,-5.66,CHITTORGARH,https://www.chittorgarh.com/ipo/ipo_perf_tracker.asp?year=2021,2026-09-04T06:29:53.375157+00:00
107,PB Fintech Ltd.,POLICYBZR,NSE,MAINBOARD,,,2021-11-15,980.0,,,,5709.71,,,,,,11.61,8.02,2.65,10.17,1150.0,PRIMARY_VERIFIED,17.35,CHITTORGARH,https://www.chittorgarh.com/ipo/ipo_perf_tracker.asp?year=2021,2026-09-04T06:29:53.375157+00:00
108,S.J.S.Enterprises Ltd.,SJS,NSE,MAINBOARD,,,2021-11-15,542.0,,,,800.0,,,,,,1.28,1.82,0.77,1.18,542.0,PRIMARY_VERIFIED,0.0,CHITTORGARH,https://www.chittorgarh.com/ipo/ipo_perf_tracker.asp?year=2021,2026-09-04T06:29:53.375157+00:00
109,Sigachi Industries Ltd.,SIGACHI,NSE,MAINBOARD,,,2021-11-15,163.0,,,,125.43,,,,,,32.54,163.23,68.94,64.89,570.0,PRIMARY_VERIFIED,249.69,CHITTORGARH,https://www.chittorgarh.com/ipo/ipo_perf_tracker.asp?year=2021,2026-09-04T06:29:53.375157+00:00
110,One 97 Communications Ltd.,PAYTM,NSE,MAINBOARD,,,2021-11-18,2150.0,,,,18300.0,,,,,,1.76,0.23,1.27,1.48,1950.0,PRIMARY_VERIFIED,-9.3,CHITTORGARH,https://www.chittorgarh.com/ipo/ipo_perf_tracker.asp?year=2021,2026-09-04T06:29:53.375157+00:00
111,Sapphire Foods India Ltd.,SAPPHIRE,NSE,MAINBOARD,,,2021-11-18,1180.0,,,,2073.25,,,,,,3.64,3.12,6.65,3.86,1350.0,PRIMARY_VERIFIED,14.41,CHITTORGARH,https://www.chittorgarh.com/ipo/ipo_perf_tracker.asp?year=2021,2026-09-04T06:29:53.375157+00:00
112,Latent View Analytics Ltd.,LATENTVIEW,NSE,MAINBOARD,,,2021-11-23,197.0,,,,600.0,,,,,,60.57,875.55,106.09,185.32,512.2,PRIMARY_VERIFIED,160.0,CHITTORGARH,https://www.chittorgarh.com/ipo/ipo_perf_tracker.asp?year=2021,2026-09-04T06:29:53.375157+00:00
113,Tarsons Products Ltd.,TARSONS,NSE,MAINBOARD,,,2021-11-26,662.0,,,,1023.54,,,,,,46.9,183.36,8.89,53.86,682.0,PRIMARY_VERIFIED,3.02,CHITTORGARH,https://www.chittorgarh.com/ipo/ipo_perf_tracker.asp?year=2021,2026-09-04T06:29:53.375157+00:00
114,Go Fashion (India) Ltd.,GOCOLORS,NSE,MAINBOARD,,,2021-11-30,690.0,,,,1013.61,,,,,,40.74,259.01,42.26,73.63,1310.0,PRIMARY_VERIFIED,89.86,CHITTORGARH,https://www.chittorgarh.com/ipo/ipo_perf_tracker.asp?year=2021,2026-09-04T06:29:53.375157+00:00
115,Star Health & Allied Insurance Co.Ltd.,STARHEALTH,NSE,MAINBOARD,,,2021-12-10,900.0,,,,6018.68,,,,,,1.01,0.67,0.59,0.95,845.0,PRIMARY_VERIFIED,-6.11,CHITTORGARH,https://www.chittorgarh.com/ipo/ipo_perf_tracker.asp?year=2021,2026-09-04T06:29:53.375157+00:00
116,Tega Industries Ltd.,TEGA,NSE,MAINBOARD,,,2021-12-13,453.0,,,,619.23,,,,,,86.54,661.87,25.84,151.6,760.0,PRIMARY_VERIFIED,67.77,CHITTORGARH,https://www.chittorgarh.com/ipo/ipo_perf_tracker.asp?year=2021,2026-09-04T06:29:53.375157+00:00
117,Anand Rathi Wealth Ltd.,ANANDRATHI,NSE,MAINBOARD,,,2021-12-14,550.0,,,,659.38,,,,,,1.63,24.4,5.62,6.33,600.0,PRIMARY_VERIFIED,9.09,CHITTORGARH,https://www.chittorgarh.com/ipo/ipo_perf_tracker.asp?year=2021,2026-09-04T06:29:53.375157+00:00
118,Rategain Travel Technologies Ltd.,RATEGAIN,NSE,MAINBOARD,,,2021-12-17,425.0,,,,1335.74,,,,,,3.97,41.63,5.46,9.73,360.0,PRIMARY_VERIFIED,-15.29,CHITTORGARH,https://www.chittorgarh.com/ipo/ipo_perf_tracker.asp?year=2021,2026-09-04T06:29:53.375157+00:00
119,Shriram Properties Ltd.,SHRIRAMPPS,NSE,MAINBOARD,,,2021-12-20,118.0,,,,600.04,,,,,,1.37,2.52,8.05,2.2,90.0,PRIMARY_VERIFIED,-23.73,CHITTORGARH,https://www.chittorgarh.com/ipo/ipo_perf_tracker.asp?year=2021,2026-09-04T06:29:53.375157+00:00
120,C.E.Info systems Ltd.,MAPMYINDIA,NSE,MAINBOARD,,,2021-12-21,1033.0,,,,1039.61,,,,,,79.28,423.61,13.18,107.8,1565.0,PRIMARY_VERIFIED,51.5,CHITTORGARH,https://www.chittorgarh.com/ipo/ipo_perf_tracker.asp?year=2021,2026-09-04T06:29:53.375157+00:00
121,Metro Brands Ltd.,METROBRAND,NSE,MAINBOARD,,,2021-12-22,500.0,,,,1367.51,,,,,,4.01,2.69,0.63,2.63,437.0,PRIMARY_VERIFIED,-12.6,CHITTORGARH,https://www.chittorgarh.com/ipo/ipo_perf_tracker.asp?year=2021,2026-09-04T06:29:53.375157+00:00
122,Medplus Health Services Ltd.,MEDPLUS,NSE,MAINBOARD,,,2021-12-23,796.0,,,,1398.29,,,,,,46.21,86.27,4.17,37.36,1040.0,PRIMARY_VERIFIED,30.65,CHITTORGARH,https://www.chittorgarh.com/ipo/ipo_perf_tracker.asp?year=2021,2026-09-04T06:29:53.375157+00:00
123,Data Patterns (India) Ltd.,DATAPATTNS,NSE,MAINBOARD,,,2021-12-24,585.0,,,,588.22,,,,,,74.99,254.89,20.21,82.8,856.05,PRIMARY_VERIFIED,46.33,CHITTORGARH,https://www.chittorgarh.com/ipo/ipo_perf_tracker.asp?year=2021,2026-09-04T06:29:53.375157+00:00
124,HP Adhesives Ltd.,HPAL,NSE,MAINBOARD,,,2021-12-27,274.0,,,,125.96,,,,,,1.32,18.21,47.27,8.45,315.0,PRIMARY_VERIFIED,14.96,CHITTORGARH,https://www.chittorgarh.com/ipo/ipo_perf_tracker.asp?year=2021,2026-09-04T06:29:53.375157+00:00
125,Supriya Lifescience Ltd.,SUPRIYA,NSE,MAINBOARD,,,2021-12-28,274.0,,,,700.0,,,,,,13.76,162.87,49.31,39.68,421.0,PRIMARY_VERIFIED,53.65,CHITTORGARH,https://www.chittorgarh.com/ipo/ipo_perf_tracker.asp?year=2021,2026-09-04T06:29:53.375157+00:00
126,CMS Info Systems Ltd.,CMSINFO,NSE,MAINBOARD,,,2021-12-31,216.0,,,,1100.0,,,,,,1.44,0.86,1.26,1.29,220.2,PRIMARY_VERIFIED,1.94,CHITTORGARH,https://www.chittorgarh.com/ipo/ipo_perf_tracker.asp?year=2021,2026-09-04T06:29:53.375157+00:00
127,AGS Transact Technologies Ltd.,AGSTRA,NSE,MAINBOARD,,,2022-01-31,175.0,,,,680.0,,,,,,1.76,24.6,1.88,5.23,175.0,PRIMARY_VERIFIED,0.0,CHITTORGARH,https://www.chittorgarh.com/ipo/ipo_perf_tracker.asp?year=2022,2026-09-04T06:29:55.488574+00:00
128,Adani Wilmar Ltd.,AWL,NSE,MAINBOARD,,,2022-02-08,230.0,,,,3600.0,,,,,,2.96,59.83,3.39,13.44,227.0,PRIMARY_VERIFIED,-1.3,CHITTORGARH,https://www.chittorgarh.com/ipo/ipo_perf_tracker.asp?year=2022,2026-09-04T06:29:55.488574+00:00
129,Vedant Fashions Ltd.,MANYAVAR,NSE,MAINBOARD,,,2022-02-16,866.0,,,,3149.19,,,,,,3.61,0.81,0.16,1.99,935.0,PRIMARY_VERIFIED,7.97,CHITTORGARH,https://www.chittorgarh.com/ipo/ipo_perf_tracker.asp?year=2022,2026-09-04T06:29:55.488574+00:00
130,Uma Exports Ltd.,UMAEXPORTS,NSE,MAINBOARD,,,2022-04-07,68.0,,,,60.0,,,,,,2.95,1.39,5.81,4.47,76.0,PRIMARY_VERIFIED,11.76,CHITTORGARH,https://www.chittorgarh.com/ipo/ipo_perf_tracker.asp?year=2022,2026-09-04T06:29:55.488574+00:00
131,Ruchi Soya Industries Ltd.,PATANJALI,NSE,MAINBOARD,,,2022-04-08,650.0,,,,4300.0,,,,,,1.36,12.04,0.67,2.72,855.0,SECONDARY_VERIFIED,31.54,CHITTORGARH,https://www.chittorgarh.com/ipo/ipo_perf_tracker.asp?year=2022,2026-09-04T06:29:55.488574+00:00
132,Veranda Learning Solutions Ltd.,VERANDA,NSE,MAINBOARD,,,2022-04-11,137.0,,,,200.0,,,,,,1.78,3.81,4.4,2.35,125.0,PRIMARY_VERIFIED,-8.76,CHITTORGARH,https://www.chittorgarh.com/ipo/ipo_perf_tracker.asp?year=2022,2026-09-04T06:29:55.488574+00:00
133,Hariom Pipe Industries Ltd.,HARIOMPIPE,NSE,MAINBOARD,,,2022-04-13,153.0,,,,130.05,,,,,,1.87,6.8,6.94,5.37,220.0,PRIMARY_VERIFIED,43.79,CHITTORGARH,https://www.chittorgarh.com/ipo/ipo_perf_tracker.asp?year=2022,2026-09-04T06:29:55.488574+00:00
134,Campus Activewear Ltd.,CAMPUS,NSE,MAINBOARD,,,2022-05-09,292.0,,,,1399.77,,,,,,61.38,21.54,6.22,35.95,360.0,PRIMARY_VERIFIED,23.29,CHITTORGARH,https://www.chittorgarh.com/ipo/ipo_perf_tracker.asp?year=2022,2026-09-04T06:29:55.488574+00:00
135,Rainbow Children's Medicare Ltd.,RAINBOW,NSE,MAINBOARD,,,2022-05-10,542.0,,,,1580.85,,,,,,16.13,3.81,0.78,8.82,510.0,PRIMARY_VERIFIED,-5.9,CHITTORGARH,https://www.chittorgarh.com/ipo/ipo_perf_tracker.asp?year=2022,2026-09-04T06:29:55.488574+00:00
136,Life Insurance Corp.of India,LICI,NSE,MAINBOARD,,,2022-05-17,949.0,,,,20557.23,,,,,,1.73,2.43,1.61,2.05,872.0,PRIMARY_VERIFIED,-8.11,CHITTORGARH,https://www.chittorgarh.com/ipo/ipo_perf_tracker.asp?year=2022,2026-09-04T06:29:55.488574+00:00
137,Prudent Corporate Advisory Services Ltd.,PRUDENT,NSE,MAINBOARD,,,2022-05-20,630.0,,,,428.28,,,,,,1.57,0.74,0.37,1.03,650.0,PRIMARY_VERIFIED,3.17,CHITTORGARH,https://www.chittorgarh.com/ipo/ipo_perf_tracker.asp?year=2022,2026-09-04T06:29:55.488574+00:00
138,Delhivery Ltd.,DELHIVERY,NSE,MAINBOARD,,,2022-05-24,487.0,,,,5235.0,,,,,,1.73,0.04,0.27,1.33,495.2,PRIMARY_VERIFIED,1.68,CHITTORGARH,https://www.chittorgarh.com/ipo/ipo_perf_tracker.asp?year=2022,2026-09-04T06:29:55.488574+00:00
139,Venus Pipes & Tubes Ltd.,VENUSPIPES,NSE,MAINBOARD,,,2022-05-24,326.0,,,,165.42,,,,,,5.36,14.76,13.33,9.56,337.5,PRIMARY_VERIFIED,3.53,CHITTORGARH,https://www.chittorgarh.com/ipo/ipo_perf_tracker.asp?year=2022,2026-09-04T06:29:55.488574+00:00
140,Paradeep Phosphates Ltd.,PARADEEP,NSE,MAINBOARD,,,2022-05-27,42.0,,,,1501.73,,,,,,1.99,0.67,0.86,1.39,44.0,PRIMARY_VERIFIED,4.76,CHITTORGARH,https://www.chittorgarh.com/ipo/ipo_perf_tracker.asp?year=2022,2026-09-04T06:29:55.488574+00:00
141,Ethos Ltd.,ETHOSLTD,NSE,MAINBOARD,,,2022-05-30,878.0,,,,402.26,,,,,,1.37,1.93,0.24,1.06,825.0,PRIMARY_VERIFIED,-6.04,CHITTORGARH,https://www.chittorgarh.com/ipo/ipo_perf_tracker.asp?year=2022,2026-09-04T06:29:55.488574+00:00
142,eMudhra Ltd.,EMUDHRA,NSE,MAINBOARD,,,2022-06-01,256.0,,,,412.79,,,,,,2.17,0.7,1.45,1.7,270.0,PRIMARY_VERIFIED,5.47,CHITTORGARH,https://www.chittorgarh.com/ipo/ipo_perf_tracker.asp?year=2022,2026-09-04T06:29:55.488574+00:00
143,Aether Industries Ltd.,AETHER,NSE,MAINBOARD,,,2022-06-03,642.0,,,,808.04,,,,,,8.34,2.48,0.59,4.72,704.0,PRIMARY_VERIFIED,9.66,CHITTORGARH,https://www.chittorgarh.com/ipo/ipo_perf_tracker.asp?year=2022,2026-09-04T06:29:55.488574+00:00
144,Syrma SGS Technology Ltd.,SYRMA,NSE,MAINBOARD,,,2022-08-26,220.0,,,,840.13,,,,,,39.83,17.68,4.37,24.1,260.0,PRIMARY_VERIFIED,18.18,CHITTORGARH,https://www.chittorgarh.com/ipo/ipo_perf_tracker.asp?year=2022,2026-09-04T06:29:55.488574+00:00
145,Dreamfolks Services Ltd.,DREAMFOLKS,NSE,MAINBOARD,,,2022-09-06,326.0,,,,562.1,,,,,,28.84,36.57,35.33,30.65,508.7,PRIMARY_VERIFIED,56.04,CHITTORGARH,https://www.chittorgarh.com/ipo/ipo_perf_tracker.asp?year=2022,2026-09-04T06:29:55.488574+00:00
146,Tamilnad Mercantile Bank Ltd.,TMB,NSE,MAINBOARD,,,2022-09-15,510.0,,,,807.84,,,,,,1.26,2.89,6.0,1.98,495.0,PRIMARY_VERIFIED,-2.94,CHITTORGARH,https://www.chittorgarh.com/ipo/ipo_perf_tracker.asp?year=2022,2026-09-04T06:29:55.488574+00:00
147,Harsha Engineers International Ltd.,HARSHA,NSE,MAINBOARD,,,2022-09-26,330.0,,,,755.0,,,,,,76.81,69.41,17.95,54.91,450.0,PRIMARY_VERIFIED,36.36,CHITTORGARH,https://www.chittorgarh.com/ipo/ipo_perf_tracker.asp?year=2022,2026-09-04T06:29:55.488574+00:00
148,Electronics Mart India Ltd.,EMIL,NSE,MAINBOARD,,,2022-10-17,59.0,,,,500.0,,,,,,71.85,66.93,20.33,53.08,90.0,PRIMARY_VERIFIED,52.54,CHITTORGARH,https://www.chittorgarh.com/ipo/ipo_perf_tracker.asp?year=2022,2026-09-04T06:29:55.488574+00:00
149,Tracxn Technologies Ltd.,TRACXN,NSE,MAINBOARD,,,2022-10-20,80.0,,,,309.38,,,,,,1.37,0.71,4.64,1.6,84.5,PRIMARY_VERIFIED,5.62,CHITTORGARH,https://www.chittorgarh.com/ipo/ipo_perf_tracker.asp?year=2022,2026-09-04T06:29:55.488574+00:00
150,DCX Systems Ltd.,DCXINDIA,NSE,MAINBOARD,,,2022-11-11,207.0,,,,500.0,,,,,,37.02,46.05,63.7,41.04,287.0,PRIMARY_VERIFIED,38.65,CHITTORGARH,https://www.chittorgarh.com/ipo/ipo_perf_tracker.asp?year=2022,2026-09-04T06:29:55.488574+00:00
151,Fusion Micro Finance Ltd.,FUSION,NSE,MAINBOARD,,,2022-11-15,368.0,,,,1103.99,,,,,,4.03,1.04,0.5,2.35,359.5,PRIMARY_VERIFIED,-2.31,CHITTORGARH,https://www.chittorgarh.com/ipo/ipo_perf_tracker.asp?year=2022,2026-09-04T06:29:55.488574+00:00
152,Bikaji Foods International Ltd.,BIKAJI,NSE,MAINBOARD,,,2022-11-16,300.0,,,,880.86,,,,,,30.19,7.06,4.64,17.63,322.8,PRIMARY_VERIFIED,7.6,CHITTORGARH,https://www.chittorgarh.com/ipo/ipo_perf_tracker.asp?year=2022,2026-09-04T06:29:55.488574+00:00
153,Global Health Ltd.,MEDANTA,NSE,MAINBOARD,,,2022-11-16,336.0,,,,2205.57,,,,,,12.42,3.95,0.87,7.11,401.0,PRIMARY_VERIFIED,19.35,CHITTORGARH,https://www.chittorgarh.com/ipo/ipo_perf_tracker.asp?year=2022,2026-09-04T06:29:55.488574+00:00
154,Archean Chemical Industries Ltd.,ACI,NSE,MAINBOARD,,,2022-11-21,407.0,,,,1462.3,,,,,,20.35,13.77,10.06,18.34,450.0,PRIMARY_VERIFIED,10.57,CHITTORGARH,https://www.chittorgarh.com/ipo/ipo_perf_tracker.asp?year=2022,2026-09-04T06:29:55.488574+00:00
155,Five-Star Business Finance Ltd.,FIVESTAR,NSE,MAINBOARD,,,2022-11-21,474.0,,,,1588.51,,,,,,1.68,0.82,0.14,1.01,468.8,PRIMARY_VERIFIED,-1.1,CHITTORGARH,https://www.chittorgarh.com/ipo/ipo_perf_tracker.asp?year=2022,2026-09-04T06:29:55.488574+00:00
156,Kaynes Technology India Ltd.,KAYNES,NSE,MAINBOARD,,,2022-11-22,587.0,,,,857.82,,,,,,40.45,20.67,4.21,24.76,778.0,PRIMARY_VERIFIED,32.54,CHITTORGARH,https://www.chittorgarh.com/ipo/ipo_perf_tracker.asp?year=2022,2026-09-04T06:29:55.488574+00:00
157,Inox Green Energy Services Ltd.,INOXGREEN,NSE,MAINBOARD,,,2022-11-23,65.0,,,,740.0,,,,,,1.1,0.49,4.91,1.39,60.0,PRIMARY_VERIFIED,-7.69,CHITTORGARH,https://www.chittorgarh.com/ipo/ipo_perf_tracker.asp?year=2022,2026-09-04T06:29:55.488574+00:00
158,Keystone Realtors Ltd.,RUSTOMJEE,NSE,MAINBOARD,,,2022-11-24,541.0,,,,635.0,,,,,,2.36,2.82,0.53,1.79,555.0,PRIMARY_VERIFIED,2.59,CHITTORGARH,https://www.chittorgarh.com/ipo/ipo_perf_tracker.asp?year=2022,2026-09-04T06:29:55.488574+00:00
159,Dharmaj Crop Guard Ltd.,DHARMAJ,NSE,MAINBOARD,,,2022-12-08,237.0,,,,251.09,,,,,,19.61,60.64,22.62,26.69,266.05,PRIMARY_VERIFIED,12.26,CHITTORGARH,https://www.chittorgarh.com/ipo/ipo_perf_tracker.asp?year=2022,2026-09-04T06:29:55.488574+00:00
160,Uniparts India Ltd.,UNIPARTS,NSE,MAINBOARD,,,2022-12-12,577.0,,,,835.61,,,,,,26.93,19.55,4.63,17.98,575.0,PRIMARY_VERIFIED,-0.35,CHITTORGARH,https://www.chittorgarh.com/ipo/ipo_perf_tracker.asp?year=2022,2026-09-04T06:29:55.488574+00:00
161,Sula Vineyards Ltd.,SULA,NSE,MAINBOARD,,,2022-12-22,357.0,,,,960.35,,,,,,2.33,1.45,1.58,1.93,361.0,PRIMARY_VERIFIED,1.12,CHITTORGARH,https://www.chittorgarh.com/ipo/ipo_perf_tracker.asp?year=2022,2026-09-04T06:29:55.488574+00:00
162,Abans Holdings Ltd.,AFSL,NSE,MAINBOARD,,,2022-12-23,270.0,,,,345.6,,,,,,4.09,1.47,0.39,1.08,273.0,SECONDARY_VERIFIED,1.11,CHITTORGARH,https://www.chittorgarh.com/ipo/ipo_perf_tracker.asp?year=2022,2026-09-04T06:29:55.488574+00:00
163,Landmark Cars Ltd.,LANDMARK,NSE,MAINBOARD,,,2022-12-23,506.0,,,,552.0,,,,,,4.34,1.34,0.59,2.58,471.0,PRIMARY_VERIFIED,-6.92,CHITTORGARH,https://www.chittorgarh.com/ipo/ipo_perf_tracker.asp?year=2022,2026-09-04T06:29:55.488574+00:00
164,KFin Technologies Ltd.,KFINTECH,NSE,MAINBOARD,,,2022-12-29,366.0,,,,1500.0,,,,,,2.41,0.12,1.38,1.96,367.0,PRIMARY_VERIFIED,0.27,CHITTORGARH,https://www.chittorgarh.com/ipo/ipo_perf_tracker.asp?year=2022,2026-09-04T06:29:55.488574+00:00
165,Elin Electronics Ltd.,ELIN,NSE,MAINBOARD,,,2022-12-30,247.0,,,,475.0,,,,,,2.53,3.35,2.26,2.56,244.0,PRIMARY_VERIFIED,-1.21,CHITTORGARH,https://www.chittorgarh.com/ipo/ipo_perf_tracker.asp?year=2022,2026-09-04T06:29:55.488574+00:00
166,Radiant Cash Management Services Ltd.,RADIANTCMS,NSE,MAINBOARD,,,2023-01-04,94.0,,,,256.64,,,,,,1.68,1.07,0.3,1.1,103.0,PRIMARY_VERIFIED,9.57,CHITTORGARH,https://www.chittorgarh.com/ipo/ipo_perf_tracker.asp?year=2023,2026-09-04T06:29:57.602562+00:00
167,Sah Polymers Ltd.,SAH,NSE,MAINBOARD,,,2023-01-12,65.0,,,,66.3,,,,,,1.52,32.79,38.62,9.92,85.0,PRIMARY_VERIFIED,30.77,CHITTORGARH,https://www.chittorgarh.com/ipo/ipo_perf_tracker.asp?year=2023,2026-09-04T06:29:57.602562+00:00
168,Divgi TorqTransfer Systems Ltd.,DIVGIITTS,NSE,MAINBOARD,,,2023-03-14,590.0,,,,412.12,,,,,,3.76,1.37,4.17,3.44,620.0,PRIMARY_VERIFIED,5.08,CHITTORGARH,https://www.chittorgarh.com/ipo/ipo_perf_tracker.asp?year=2023,2026-09-04T06:29:57.602562+00:00
169,Global Surfaces Ltd.,GSLSU,NSE,MAINBOARD,,,2023-03-23,140.0,,,,154.98,,,,,,4.25,33.22,4.98,8.85,164.0,PRIMARY_VERIFIED,17.14,CHITTORGARH,https://www.chittorgarh.com/ipo/ipo_perf_tracker.asp?year=2023,2026-09-04T06:29:57.602562+00:00
170,Udayshivakumar Infra Ltd.,USK,NSE,MAINBOARD,,,2023-04-03,35.0,,,,66.0,,,,,,40.11,64.49,14.73,32.2,30.0,PRIMARY_VERIFIED,-14.29,CHITTORGARH,https://www.chittorgarh.com/ipo/ipo_perf_tracker.asp?year=2023,2026-09-04T06:29:57.602562+00:00
171,Avalon Technologies Ltd.,AVALON,NSE,MAINBOARD,,,2023-04-18,436.0,,,,865.0,,,,,,2.12,0.37,0.84,1.73,436.0,PRIMARY_VERIFIED,0.0,CHITTORGARH,https://www.chittorgarh.com/ipo/ipo_perf_tracker.asp?year=2023,2026-09-04T06:29:57.602562+00:00
172,Mankind Pharma Ltd.,MANKIND,NSE,MAINBOARD,,,2023-05-09,1080.0,,,,4326.36,,,,,,20.32,3.59,0.89,11.01,1300.0,PRIMARY_VERIFIED,20.37,CHITTORGARH,https://www.chittorgarh.com/ipo/ipo_perf_tracker.asp?year=2023,2026-09-04T06:29:57.602562+00:00
173,Nexus Select Trust,,NSE,MAINBOARD,,,2023-05-19,100.0,,,,3200.0,,,,,,2.66,5.99,,3.5,103.0,SECONDARY_VERIFIED,3.0,CHITTORGARH,https://www.chittorgarh.com/ipo/ipo_perf_tracker.asp?year=2023,2026-09-04T06:29:57.602562+00:00
174,IKIO Lighting Ltd.,IKIO,NSE,MAINBOARD,,,2023-06-16,285.0,,,,606.5,,,,,,66.57,61.16,13.77,47.28,392.5,PRIMARY_VERIFIED,37.72,CHITTORGARH,https://www.chittorgarh.com/ipo/ipo_perf_tracker.asp?year=2023,2026-09-04T06:29:57.602562+00:00
175,HMA Agro Industries Ltd.,HMAAGRO,NSE,MAINBOARD,,,2023-07-04,585.0,,,,480.0,,,,,,1.35,3.13,0.96,1.48,625.0,PRIMARY_VERIFIED,6.84,CHITTORGARH,https://www.chittorgarh.com/ipo/ipo_perf_tracker.asp?year=2023,2026-09-04T06:29:57.602562+00:00
176,ideaForge Technology Ltd.,IDEAFORGE,NSE,MAINBOARD,,,2023-07-07,672.0,,,,567.24,,,,,,51.13,78.41,82.03,58.23,1300.0,PRIMARY_VERIFIED,93.45,CHITTORGARH,https://www.chittorgarh.com/ipo/ipo_perf_tracker.asp?year=2023,2026-09-04T06:29:57.602562+00:00
177,Cyient DLM Ltd.,CYIENTDLM,NSE,MAINBOARD,,,2023-07-10,265.0,,,,592.0,,,,,,39.02,47.07,50.38,40.27,403.0,PRIMARY_VERIFIED,52.08,CHITTORGARH,https://www.chittorgarh.com/ipo/ipo_perf_tracker.asp?year=2023,2026-09-04T06:29:57.602562+00:00
178,Senco Gold Ltd.,SENCO,NSE,MAINBOARD,,,2023-07-14,317.0,,,,405.0,,,,,,76.81,68.13,15.73,54.13,430.0,PRIMARY_VERIFIED,35.65,CHITTORGARH,https://www.chittorgarh.com/ipo/ipo_perf_tracker.asp?year=2023,2026-09-04T06:29:57.602562+00:00
179,Utkarsh Small Finance Bank Ltd.,UTKARSHBNK,NSE,MAINBOARD,,,2023-07-21,25.0,,,,500.0,,,,,,54.91,88.11,76.14,61.41,40.0,PRIMARY_VERIFIED,60.0,CHITTORGARH,https://www.chittorgarh.com/ipo/ipo_perf_tracker.asp?year=2023,2026-09-04T06:29:57.602562+00:00
180,Netweb Technologies India Ltd.,NETWEB,NSE,MAINBOARD,,,2023-07-27,500.0,,,,631.0,,,,,,88.64,84.21,18.74,63.41,947.0,PRIMARY_VERIFIED,89.4,CHITTORGARH,https://www.chittorgarh.com/ipo/ipo_perf_tracker.asp?year=2023,2026-09-04T06:29:57.602562+00:00
181,Yatharth Hospital & Trauma Care Services Ltd.,YATHARTH,NSE,MAINBOARD,,,2023-08-07,300.0,,,,686.55,,,,,,35.04,38.54,8.38,26.24,306.1,PRIMARY_VERIFIED,2.03,CHITTORGARH,https://www.chittorgarh.com/ipo/ipo_perf_tracker.asp?year=2023,2026-09-04T06:29:57.602562+00:00
182,SBFC Finance Ltd.,SBFC,NSE,MAINBOARD,,,2023-08-16,57.0,,,,1025.0,,,,,,82.0,52.08,11.15,52.23,82.0,PRIMARY_VERIFIED,43.86,CHITTORGARH,https://www.chittorgarh.com/ipo/ipo_perf_tracker.asp?year=2023,2026-09-04T06:29:57.602562+00:00
183,Concord Biotech Ltd.,CONCORDBIO,NSE,MAINBOARD,,,2023-08-18,741.0,,,,1550.52,,,,,,27.62,16.94,3.7,17.64,900.05,PRIMARY_VERIFIED,21.46,CHITTORGARH,https://www.chittorgarh.com/ipo/ipo_perf_tracker.asp?year=2023,2026-09-04T06:29:57.602562+00:00
184,TVS Supply Chain Solutions Ltd.,TVSSCS,NSE,MAINBOARD,,,2023-08-23,197.0,,,,880.0,,,,,,1.16,2.38,7.53,1.98,207.05,PRIMARY_VERIFIED,5.1,CHITTORGARH,https://www.chittorgarh.com/ipo/ipo_perf_tracker.asp?year=2023,2026-09-04T06:29:57.602562+00:00
185,Pyramid Technoplast Ltd.,PYRAMID,NSE,MAINBOARD,,,2023-08-29,166.0,,,,153.05,,,,,,4.69,32.25,14.24,14.98,187.0,PRIMARY_VERIFIED,12.65,CHITTORGARH,https://www.chittorgarh.com/ipo/ipo_perf_tracker.asp?year=2023,2026-09-04T06:29:57.602562+00:00
186,Aeroflex Industries Ltd.,AEROFLEX,NSE,MAINBOARD,,,2023-08-31,108.0,,,,351.0,,,,,,76.9,131.4,34.55,69.39,190.0,PRIMARY_VERIFIED,75.93,CHITTORGARH,https://www.chittorgarh.com/ipo/ipo_perf_tracker.asp?year=2023,2026-09-04T06:29:57.602562+00:00
187,Vishnu Prakash R.Punglia Ltd.,VPRPL,NSE,MAINBOARD,,,2023-09-05,99.0,,,,308.61,,,,,,69.2,111.9,31.02,61.76,165.0,PRIMARY_VERIFIED,66.67,CHITTORGARH,https://www.chittorgarh.com/ipo/ipo_perf_tracker.asp?year=2023,2026-09-04T06:29:57.602562+00:00
188,Ratnaveer Precision Engineering Ltd.,RATNAVEER,NSE,MAINBOARD,,,2023-09-11,98.0,,,,165.03,,,,,,53.61,134.18,52.84,65.42,123.2,PRIMARY_VERIFIED,25.71,CHITTORGARH,https://www.chittorgarh.com/ipo/ipo_perf_tracker.asp?year=2023,2026-09-04T06:29:57.602562+00:00
189,Rishabh Instruments Ltd.,RISHABH,NSE,MAINBOARD,,,2023-09-11,441.0,,,,490.78,,,,,,29.51,31.39,8.16,22.32,460.05,PRIMARY_VERIFIED,4.32,CHITTORGARH,https://www.chittorgarh.com/ipo/ipo_perf_tracker.asp?year=2023,2026-09-04T06:29:57.602562+00:00
190,Jupiter Life Line Hospitals Ltd.,JLHL,NSE,MAINBOARD,,,2023-09-18,735.0,,,,869.08,,,,,,75.72,36.44,7.66,46.01,973.0,PRIMARY_VERIFIED,32.38,CHITTORGARH,https://www.chittorgarh.com/ipo/ipo_perf_tracker.asp?year=2023,2026-09-04T06:29:57.602562+00:00
191,R R Kabel Ltd.,RRKABEL,NSE,MAINBOARD,,,2023-09-20,1035.0,,,,1964.01,,,,,,21.62,12.98,2.05,13.4,1180.0,PRIMARY_VERIFIED,14.01,CHITTORGARH,https://www.chittorgarh.com/ipo/ipo_perf_tracker.asp?year=2023,2026-09-04T06:29:57.602562+00:00
192,EMS Ltd.,EMSLIMITED,NSE,MAINBOARD,,,2023-09-21,211.0,,,,321.25,,,,,,60.31,83.76,29.28,52.97,282.05,PRIMARY_VERIFIED,33.67,CHITTORGARH,https://www.chittorgarh.com/ipo/ipo_perf_tracker.asp?year=2023,2026-09-04T06:29:57.602562+00:00
193,SAMHI Hotels Ltd.,SAMHI,NSE,MAINBOARD,,,2023-09-22,126.0,,,,1370.1,,,,,,4.32,1.26,1.11,3.54,134.5,PRIMARY_VERIFIED,6.75,CHITTORGARH,https://www.chittorgarh.com/ipo/ipo_perf_tracker.asp?year=2023,2026-09-04T06:29:57.602562+00:00
194,Zaggle Prepaid Ocean Services Ltd.,ZAGGLE,NSE,MAINBOARD,,,2023-09-22,164.0,,,,563.38,,,,,,7.45,9.13,5.94,7.55,164.0,PRIMARY_VERIFIED,0.0,CHITTORGARH,https://www.chittorgarh.com/ipo/ipo_perf_tracker.asp?year=2023,2026-09-04T06:29:57.602562+00:00
195,Sai Silks (Kalamandir) Ltd.,KALAMANDIR,NSE,MAINBOARD,,,2023-09-27,222.0,,,,1201.0,,,,,,5.51,2.56,0.87,3.45,231.0,PRIMARY_VERIFIED,4.05,CHITTORGARH,https://www.chittorgarh.com/ipo/ipo_perf_tracker.asp?year=2023,2026-09-04T06:29:57.602562+00:00
196,Signatureglobal (India) Ltd.,SIGNATURE,NSE,MAINBOARD,,,2023-09-27,385.0,,,,730.0,,,,,,6.19,14.23,6.97,7.47,444.0,PRIMARY_VERIFIED,15.32,CHITTORGARH,https://www.chittorgarh.com/ipo/ipo_perf_tracker.asp?year=2023,2026-09-04T06:29:57.602562+00:00
197,Yatra Online Ltd.,YATRA,NSE,MAINBOARD,,,2023-09-28,142.0,,,,775.0,,,,,,1.46,0.42,2.08,1.37,127.5,PRIMARY_VERIFIED,-10.21,CHITTORGARH,https://www.chittorgarh.com/ipo/ipo_perf_tracker.asp?year=2023,2026-09-04T06:29:57.602562+00:00
198,JSW Infrastructure Ltd.,JSWINFRA,NSE,MAINBOARD,,,2023-10-03,119.0,,,,2800.0,,,,,,24.64,16.74,10.44,22.03,143.0,PRIMARY_VERIFIED,20.17,CHITTORGARH,https://www.chittorgarh.com/ipo/ipo_perf_tracker.asp?year=2023,2026-09-04T06:29:57.602562+00:00
199,Manoj Vaibhav Gems 'N' Jewellers Ltd.,MVGJL,NSE,MAINBOARD,,,2023-10-03,215.0,,,,270.2,,,,,,1.04,5.35,1.67,1.91,215.0,PRIMARY_VERIFIED,0.0,CHITTORGARH,https://www.chittorgarh.com/ipo/ipo_perf_tracker.asp?year=2023,2026-09-04T06:29:57.602562+00:00
200,Updater Services Ltd.,UDS,NSE,MAINBOARD,,,2023-10-04,300.0,,,,640.0,,,,,,2.44,0.87,1.39,2.1,285.0,PRIMARY_VERIFIED,-5.0,CHITTORGARH,https://www.chittorgarh.com/ipo/ipo_perf_tracker.asp?year=2023,2026-09-04T06:29:57.602562+00:00
201,Valiant Laboratories Ltd.,VALIANTLAB,NSE,MAINBOARD,,,2023-10-06,140.0,,,,152.46,,,,,,8.78,73.74,15.72,20.95,162.15,PRIMARY_VERIFIED,15.82,CHITTORGARH,https://www.chittorgarh.com/ipo/ipo_perf_tracker.asp?year=2023,2026-09-04T06:29:57.602562+00:00
202,Plaza Wires Ltd.,PLAZACABLE,NSE,MAINBOARD,,,2023-10-12,54.0,,,,71.28,,,,,,26.2,387.25,360.04,113.74,76.0,PRIMARY_VERIFIED,40.74,CHITTORGARH,https://www.chittorgarh.com/ipo/ipo_perf_tracker.asp?year=2023,2026-09-04T06:29:57.602562+00:00
203,IRM Energy Ltd.,IRMENERGY,NSE,MAINBOARD,,,2023-10-26,505.0,,,,545.0,,,,,,18.33,48.98,9.07,19.3,477.25,PRIMARY_VERIFIED,-5.5,CHITTORGARH,https://www.chittorgarh.com/ipo/ipo_perf_tracker.asp?year=2023,2026-09-04T06:29:57.602562+00:00
204,Blue Jet Healthcare Ltd.,BLUEJET,NSE,MAINBOARD,,,2023-11-01,346.0,,,,840.27,,,,,,6.2,13.48,2.25,5.91,380.0,PRIMARY_VERIFIED,9.83,CHITTORGARH,https://www.chittorgarh.com/ipo/ipo_perf_tracker.asp?year=2023,2026-09-04T06:29:57.602562+00:00
205,Cello World Ltd.,CELLO,NSE,MAINBOARD,,,2023-11-06,648.0,,,,1900.0,,,,,,49.78,24.45,3.17,29.5,829.0,PRIMARY_VERIFIED,27.93,CHITTORGARH,https://www.chittorgarh.com/ipo/ipo_perf_tracker.asp?year=2023,2026-09-04T06:29:57.602562+00:00
206,Honasa Consumer Ltd.,HONASA,NSE,MAINBOARD,,,2023-11-07,324.0,,,,1701.44,,,,,,5.22,4.02,1.31,4.65,330.0,PRIMARY_VERIFIED,1.85,CHITTORGARH,https://www.chittorgarh.com/ipo/ipo_perf_tracker.asp?year=2023,2026-09-04T06:29:57.602562+00:00
207,ESAF Small Finance Bank Ltd.,ESAFSFB,NSE,MAINBOARD,,,2023-11-10,60.0,,,,463.0,,,,,,73.45,88.93,17.83,54.68,71.0,PRIMARY_VERIFIED,18.33,CHITTORGARH,https://www.chittorgarh.com/ipo/ipo_perf_tracker.asp?year=2023,2026-09-04T06:29:57.602562+00:00
208,Protean eGov Technologies Ltd.,PROTEAN,NSE,MAINBOARD,,,2023-11-13,792.0,,,,489.95,,,,,,19.37,31.98,8.7,17.11,792.0,SECONDARY_VERIFIED,0.0,CHITTORGARH,https://www.chittorgarh.com/ipo/ipo_perf_tracker.asp?year=2023,2026-09-04T06:29:57.602562+00:00
209,ASK Automotive Ltd.,ASKAUTOLTD,NSE,MAINBOARD,,,2023-11-15,282.0,,,,833.91,,,,,,57.55,35.43,5.55,36.03,303.3,PRIMARY_VERIFIED,7.55,CHITTORGARH,https://www.chittorgarh.com/ipo/ipo_perf_tracker.asp?year=2023,2026-09-04T06:29:57.602562+00:00
210,Indian Renewable Energy Development Agency Ltd.,IREDA,NSE,MAINBOARD,,,2023-11-29,32.0,,,,2150.21,,,,,,42.69,22.98,7.53,27.35,50.0,PRIMARY_VERIFIED,56.25,CHITTORGARH,https://www.chittorgarh.com/ipo/ipo_perf_tracker.asp?year=2023,2026-09-04T06:29:57.602562+00:00
211,Fedbank Financial Services Ltd.,FEDFINA,NSE,MAINBOARD,,,2023-11-30,140.0,,,,1092.26,,,,,,2.03,1.51,1.8,1.85,138.0,PRIMARY_VERIFIED,-1.43,CHITTORGARH,https://www.chittorgarh.com/ipo/ipo_perf_tracker.asp?year=2023,2026-09-04T06:29:57.602562+00:00
212,Gandhar Oil Refinery (India) Ltd.,GANDHAR,NSE,MAINBOARD,,,2023-11-30,169.0,,,,500.69,,,,,,52.11,64.99,29.09,45.99,298.0,PRIMARY_VERIFIED,76.33,CHITTORGARH,https://www.chittorgarh.com/ipo/ipo_perf_tracker.asp?year=2023,2026-09-04T06:29:57.602562+00:00
213,Tata Technologies Ltd.,TATATECH,NSE,MAINBOARD,,,2023-11-30,500.0,,,,3042.51,,,,,,81.79,62.87,16.01,51.18,1200.0,PRIMARY_VERIFIED,140.0,CHITTORGARH,https://www.chittorgarh.com/ipo/ipo_perf_tracker.asp?year=2023,2026-09-04T06:29:57.602562+00:00
214,Flair Writing Industries Ltd.,FLAIR,NSE,MAINBOARD,,,2023-12-01,304.0,,,,593.0,,,,,,49.32,35.58,13.37,34.68,501.0,PRIMARY_VERIFIED,64.8,CHITTORGARH,https://www.chittorgarh.com/ipo/ipo_perf_tracker.asp?year=2023,2026-09-04T06:29:57.602562+00:00
215,DOMS Industries Ltd.,DOMS,NSE,MAINBOARD,,,2023-12-20,790.0,,,,1200.0,,,,,,49.34,69.44,70.14,54.19,1400.0,PRIMARY_VERIFIED,77.22,CHITTORGARH,https://www.chittorgarh.com/ipo/ipo_perf_tracker.asp?year=2023,2026-09-04T06:29:57.602562+00:00
216,India Shelter Finance Corp.Ltd.,INDIASHLTR,NSE,MAINBOARD,,,2023-12-20,493.0,,,,1200.0,,,,,,38.26,29.76,10.07,27.12,620.0,PRIMARY_VERIFIED,25.76,CHITTORGARH,https://www.chittorgarh.com/ipo/ipo_perf_tracker.asp?year=2023,2026-09-04T06:29:57.602562+00:00
217,Inox India Ltd.,INOXINDIA,NSE,MAINBOARD,,,2023-12-21,660.0,,,,1459.32,,,,,,59.58,52.74,14.68,42.84,949.65,PRIMARY_VERIFIED,43.89,CHITTORGARH,https://www.chittorgarh.com/ipo/ipo_perf_tracker.asp?year=2023,2026-09-04T06:29:57.602562+00:00
218,Motisons Jewellers Ltd.,MOTISONS,NSE,MAINBOARD,,,2023-12-26,55.0,,,,151.09,,,,,,64.92,705.88,117.44,213.54,109.0,PRIMARY_VERIFIED,98.18,CHITTORGARH,https://www.chittorgarh.com/ipo/ipo_perf_tracker.asp?year=2023,2026-09-04T06:29:57.602562+00:00
219,Muthoot Microfin Ltd.,MUTHOOTMF,NSE,MAINBOARD,,,2023-12-26,291.0,,,,960.0,,,,,,7.98,13.59,7.82,8.68,275.3,PRIMARY_VERIFIED,-5.4,CHITTORGARH,https://www.chittorgarh.com/ipo/ipo_perf_tracker.asp?year=2023,2026-09-04T06:29:57.602562+00:00
220,Suraj Estate Developers Ltd.,SURAJEST,NSE,MAINBOARD,,,2023-12-26,360.0,,,,400.0,,,,,,10.92,19.89,9.54,11.78,340.0,PRIMARY_VERIFIED,-5.56,CHITTORGARH,https://www.chittorgarh.com/ipo/ipo_perf_tracker.asp?year=2023,2026-09-04T06:29:57.602562+00:00
221,Credo Brands Marketing Ltd.,MUFTI,NSE,MAINBOARD,,,2023-12-27,280.0,,,,549.78,,,,,,43.39,52.27,19.47,36.35,282.35,PRIMARY_VERIFIED,0.84,CHITTORGARH,https://www.chittorgarh.com/ipo/ipo_perf_tracker.asp?year=2023,2026-09-04T06:29:57.602562+00:00
222,Happy Forgings Ltd.,HAPPYFORGE,NSE,MAINBOARD,,,2023-12-27,850.0,,,,1008.59,,,,,,86.32,63.14,15.02,57.89,1000.0,PRIMARY_VERIFIED,17.65,CHITTORGARH,https://www.chittorgarh.com/ipo/ipo_perf_tracker.asp?year=2023,2026-09-04T06:29:57.602562+00:00
223,RBZ Jewellers Ltd.,RBZJEWEL,NSE,MAINBOARD,,,2023-12-27,100.0,,,,100.0,,,,,,6.19,9.12,24.78,13.58,100.0,PRIMARY_VERIFIED,0.0,CHITTORGARH,https://www.chittorgarh.com/ipo/ipo_perf_tracker.asp?year=2023,2026-09-04T06:29:57.602562+00:00
224,Azad Engineering Ltd.,AZAD,NSE,MAINBOARD,,,2023-12-28,524.0,,,,740.0,,,,,,72.25,90.49,23.95,57.77,720.0,PRIMARY_VERIFIED,37.4,CHITTORGARH,https://www.chittorgarh.com/ipo/ipo_perf_tracker.asp?year=2023,2026-09-04T06:29:57.602562+00:00
225,Innova Captab Ltd.,INNOVACAP,NSE,MAINBOARD,,,2023-12-29,448.0,,,,570.0,,,,,,46.93,65.01,17.02,39.17,452.1,PRIMARY_VERIFIED,0.92,CHITTORGARH,https://www.chittorgarh.com/ipo/ipo_perf_tracker.asp?year=2023,2026-09-04T06:29:57.602562+00:00
226,Jyoti CNC Automation Ltd.,JYOTICNC,NSE,MAINBOARD,,,2024-01-16,331.0,,,,1000.0,,,,,,19.08,38.31,26.48,22.59,370.0,PRIMARY_VERIFIED,11.78,CHITTORGARH,https://www.chittorgarh.com/ipo/ipo_perf_tracker.asp?year=2024,2026-09-04T06:29:59.785782+00:00
227,Medi Assist Healthcare Services Ltd.,MEDIASSIST,NSE,MAINBOARD,,,2024-01-23,418.0,,,,1171.58,,,,,,16.68,14.76,3.07,11.63,460.0,PRIMARY_VERIFIED,10.05,CHITTORGARH,https://www.chittorgarh.com/ipo/ipo_perf_tracker.asp?year=2024,2026-09-04T06:29:59.785782+00:00
228,EPACK Durable Ltd.,EPACK,NSE,MAINBOARD,,,2024-01-30,230.0,,,,640.05,,,,,,10.89,29.06,6.44,12.06,221.0,PRIMARY_VERIFIED,-3.91,CHITTORGARH,https://www.chittorgarh.com/ipo/ipo_perf_tracker.asp?year=2024,2026-09-04T06:29:59.785782+00:00
229,Nova AgriTech Ltd.,NOVAAGRI,NSE,MAINBOARD,,,2024-01-31,41.0,,,,143.81,,,,,,32.51,232.54,78.22,78.51,55.0,PRIMARY_VERIFIED,34.15,CHITTORGARH,https://www.chittorgarh.com/ipo/ipo_perf_tracker.asp?year=2024,2026-09-04T06:29:59.785782+00:00
230,BLS E-Services Ltd.,BLSE,NSE,MAINBOARD,,,2024-02-06,135.0,,,,309.29,,,,,,49.54,298.02,226.49,94.98,305.0,PRIMARY_VERIFIED,125.93,CHITTORGARH,https://www.chittorgarh.com/ipo/ipo_perf_tracker.asp?year=2024,2026-09-04T06:29:59.785782+00:00
231,Apeejay Surrendra Park Hotels Ltd.,PARKHOTELS,NSE,MAINBOARD,,,2024-02-12,155.0,,,,920.0,,,,,,32.47,54.14,31.25,35.19,186.0,PRIMARY_VERIFIED,20.0,CHITTORGARH,https://www.chittorgarh.com/ipo/ipo_perf_tracker.asp?year=2024,2026-09-04T06:29:59.785782+00:00
232,Capital Small Finance Bank Ltd.,CAPITALSFB,NSE,MAINBOARD,,,2024-02-14,468.0,,,,523.07,,,,,,3.4,4.11,2.62,3.23,430.25,PRIMARY_VERIFIED,-8.07,CHITTORGARH,https://www.chittorgarh.com/ipo/ipo_perf_tracker.asp?year=2024,2026-09-04T06:29:59.785782+00:00
233,Jana Small Finance Bank Ltd.,JSFB,NSE,MAINBOARD,,,2024-02-14,414.0,,,,570.0,,,,,,16.59,26.18,5.81,13.94,396.0,PRIMARY_VERIFIED,-4.35,CHITTORGARH,https://www.chittorgarh.com/ipo/ipo_perf_tracker.asp?year=2024,2026-09-04T06:29:59.785782+00:00
234,Rashi Peripherals Ltd.,RPTECH,NSE,MAINBOARD,,,2024-02-14,311.0,,,,600.0,,,,,,61.02,65.97,10.98,44.25,339.5,PRIMARY_VERIFIED,9.16,CHITTORGARH,https://www.chittorgarh.com/ipo/ipo_perf_tracker.asp?year=2024,2026-09-04T06:29:59.785782+00:00
235,Entero Healthcare Solutions Ltd.,ENTERO,NSE,MAINBOARD,,,2024-02-16,1258.0,,,,1600.0,,,,,,1.53,0.21,1.32,1.31,1228.7,PRIMARY_VERIFIED,-2.33,CHITTORGARH,https://www.chittorgarh.com/ipo/ipo_perf_tracker.asp?year=2024,2026-09-04T06:29:59.785782+00:00
236,Vibhor Steel Tubes Ltd.,VSTL,NSE,MAINBOARD,,,2024-02-20,151.0,,,,72.17,,,,,,75.42,770.67,197.91,221.21,425.0,PRIMARY_VERIFIED,181.46,CHITTORGARH,https://www.chittorgarh.com/ipo/ipo_perf_tracker.asp?year=2024,2026-09-04T06:29:59.785782+00:00
237,Juniper Hotels Ltd.,JUNIPER,NSE,MAINBOARD,,,2024-02-28,360.0,,,,1800.0,,,,,,1.9,0.88,1.29,1.68,365.0,PRIMARY_VERIFIED,1.39,CHITTORGARH,https://www.chittorgarh.com/ipo/ipo_perf_tracker.asp?year=2024,2026-09-04T06:29:59.785782+00:00
238,GPT Healthcare Ltd.,GPTHEALTH,NSE,MAINBOARD,,,2024-02-29,186.0,,,,525.14,,,,,,7.57,11.03,2.35,6.26,215.0,PRIMARY_VERIFIED,15.59,CHITTORGARH,https://www.chittorgarh.com/ipo/ipo_perf_tracker.asp?year=2024,2026-09-04T06:29:59.785782+00:00
239,Exicom Tele-Systems Ltd.,EXICOM,NSE,MAINBOARD,,,2024-03-05,142.0,,,,429.0,,,,,,56.23,158.82,121.61,78.16,265.0,PRIMARY_VERIFIED,86.62,CHITTORGARH,https://www.chittorgarh.com/ipo/ipo_perf_tracker.asp?year=2024,2026-09-04T06:29:59.785782+00:00
240,Platinum Industries Ltd.,PLATIND,NSE,MAINBOARD,,,2024-03-05,171.0,,,,235.32,,,,,,61.19,141.66,50.17,69.4,225.0,PRIMARY_VERIFIED,31.58,CHITTORGARH,https://www.chittorgarh.com/ipo/ipo_perf_tracker.asp?year=2024,2026-09-04T06:29:59.785782+00:00
241,Mukka Proteins Ltd.,MUKKA,NSE,MAINBOARD,,,2024-03-07,28.0,,,,224.0,,,,,,76.64,246.54,57.27,95.35,40.0,PRIMARY_VERIFIED,42.86,CHITTORGARH,https://www.chittorgarh.com/ipo/ipo_perf_tracker.asp?year=2024,2026-09-04T06:29:59.785782+00:00
242,Bharat Highways InvIT,,NSE,MAINBOARD,,,2024-03-12,100.0,,,,2500.0,,,,,,4.24,6.19,,3.73,101.1,SECONDARY_VERIFIED,1.1,CHITTORGARH,https://www.chittorgarh.com/ipo/ipo_perf_tracker.asp?year=2024,2026-09-04T06:29:59.785782+00:00
243,R K SWAMY Ltd.,RKSWAMY,NSE,MAINBOARD,,,2024-03-12,288.0,,,,423.56,,,,,,8.85,34.16,33.33,14.81,250.0,PRIMARY_VERIFIED,-13.19,CHITTORGARH,https://www.chittorgarh.com/ipo/ipo_perf_tracker.asp?year=2024,2026-09-04T06:29:59.785782+00:00
244,J.G.Chemicals Ltd.,JGCHEM,NSE,MAINBOARD,,,2024-03-13,221.0,,,,251.19,,,,,,13.41,47.72,17.59,20.02,209.0,PRIMARY_VERIFIED,-5.43,CHITTORGARH,https://www.chittorgarh.com/ipo/ipo_perf_tracker.asp?year=2024,2026-09-04T06:29:59.785782+00:00
245,Gopal Snacks Ltd.,GOPAL,NSE,MAINBOARD,,,2024-03-14,401.0,,,,650.0,,,,,,7.99,9.95,4.08,6.88,351.0,PRIMARY_VERIFIED,-12.47,CHITTORGARH,https://www.chittorgarh.com/ipo/ipo_perf_tracker.asp?year=2024,2026-09-04T06:29:59.785782+00:00
246,Popular Vehicles & Services Ltd.,PVSL,NSE,MAINBOARD,,,2024-03-19,295.0,,,,601.55,,,,,,1.52,0.66,1.03,1.22,289.2,PRIMARY_VERIFIED,-1.97,CHITTORGARH,https://www.chittorgarh.com/ipo/ipo_perf_tracker.asp?year=2024,2026-09-04T06:29:59.785782+00:00
247,Krystal Integrated Services Ltd.,KRYSTAL,NSE,MAINBOARD,,,2024-03-21,715.0,,,,300.12,,,,,,3.54,45.38,3.32,9.74,785.0,PRIMARY_VERIFIED,9.79,CHITTORGARH,https://www.chittorgarh.com/ipo/ipo_perf_tracker.asp?year=2024,2026-09-04T06:29:59.785782+00:00
248,SRM Contractors Ltd.,SRM,NSE,MAINBOARD,,,2024-04-03,210.0,,,,130.2,,,,,,23.91,214.68,45.86,60.21,215.25,PRIMARY_VERIFIED,2.5,CHITTORGARH,https://www.chittorgarh.com/ipo/ipo_perf_tracker.asp?year=2024,2026-09-04T06:29:59.785782+00:00
249,Bharti Hexacom Ltd.,BHARTIHEXA,NSE,MAINBOARD,,,2024-04-12,570.0,,,,4275.0,,,,,,20.07,10.28,2.74,16.87,755.0,PRIMARY_VERIFIED,32.46,CHITTORGARH,https://www.chittorgarh.com/ipo/ipo_perf_tracker.asp?year=2024,2026-09-04T06:29:59.785782+00:00
250,Vodafone Idea Ltd.,IDEA,NSE,MAINBOARD,,,2024-04-25,11.0,,,,18000.0,,,,,,8.34,4.46,0.98,5.18,11.8,PRIMARY_VERIFIED,7.27,CHITTORGARH,https://www.chittorgarh.com/ipo/ipo_perf_tracker.asp?year=2024,2026-09-04T06:29:59.785782+00:00
251,JNK India Ltd.,JNKINDIA,NSE,MAINBOARD,,,2024-04-30,415.0,,,,649.47,,,,,,31.58,19.92,4.17,20.24,621.0,PRIMARY_VERIFIED,49.64,CHITTORGARH,https://www.chittorgarh.com/ipo/ipo_perf_tracker.asp?year=2024,2026-09-04T06:29:59.785782+00:00
252,Indegene Ltd.,INDGN,NSE,MAINBOARD,,,2024-05-13,452.0,,,,1841.76,,,,,,77.5,56.44,8.25,49.75,655.0,PRIMARY_VERIFIED,44.91,CHITTORGARH,https://www.chittorgarh.com/ipo/ipo_perf_tracker.asp?year=2024,2026-09-04T06:29:59.785782+00:00
253,Aadhar Housing Finance Ltd.,AADHARHFC,NSE,MAINBOARD,,,2024-05-15,315.0,,,,3000.0,,,,,,31.13,17.31,2.52,19.0,315.0,PRIMARY_VERIFIED,0.0,CHITTORGARH,https://www.chittorgarh.com/ipo/ipo_perf_tracker.asp?year=2024,2026-09-04T06:29:59.785782+00:00
254,TBO Tek Ltd.,TBOTEK,NSE,MAINBOARD,,,2024-05-15,920.0,,,,1550.81,,,,,,50.73,50.59,25.94,48.14,1426.0,PRIMARY_VERIFIED,55.0,CHITTORGARH,https://www.chittorgarh.com/ipo/ipo_perf_tracker.asp?year=2024,2026-09-04T06:29:59.785782+00:00
255,Go Digit General Insurance Ltd.,GODIGIT,NSE,MAINBOARD,,,2024-05-23,272.0,,,,2614.65,,,,,,5.61,7.23,4.08,5.7,286.0,PRIMARY_VERIFIED,5.15,CHITTORGARH,https://www.chittorgarh.com/ipo/ipo_perf_tracker.asp?year=2024,2026-09-04T06:29:59.785782+00:00
256,Awfis Space Solutions Ltd.,AWFIS,NSE,MAINBOARD,,,2024-05-30,383.0,,,,598.93,,,,,,47.18,130.09,53.74,60.05,435.0,PRIMARY_VERIFIED,13.58,CHITTORGARH,https://www.chittorgarh.com/ipo/ipo_perf_tracker.asp?year=2024,2026-09-04T06:29:59.785782+00:00
257,Kronox Lab Sciences Ltd.,KRONOX,NSE,MAINBOARD,,,2024-06-10,136.0,,,,130.15,,,,,,35.53,304.26,54.9,82.62,164.95,PRIMARY_VERIFIED,21.29,CHITTORGARH,https://www.chittorgarh.com/ipo/ipo_perf_tracker.asp?year=2024,2026-09-04T06:29:59.785782+00:00
258,Le Travenues Technology Ltd.,IXIGO,NSE,MAINBOARD,,,2024-06-18,93.0,,,,740.1,,,,,,43.1,110.89,54.44,54.4,138.1,PRIMARY_VERIFIED,48.49,CHITTORGARH,https://www.chittorgarh.com/ipo/ipo_perf_tracker.asp?year=2024,2026-09-04T06:29:59.785782+00:00
259,Akme Fintrade (India) Ltd.,AFIL,NSE,MAINBOARD,,,2024-06-26,120.0,,,,132.0,,,,,,11.68,130.98,45.75,39.44,127.0,PRIMARY_VERIFIED,5.83,CHITTORGARH,https://www.chittorgarh.com/ipo/ipo_perf_tracker.asp?year=2024,2026-09-04T06:29:59.785782+00:00
260,DEE Development Engineers Ltd.,DEEDEV,NSE,MAINBOARD,,,2024-06-26,203.0,,,,418.01,,,,,,83.87,147.1,24.89,72.53,339.0,PRIMARY_VERIFIED,67.0,CHITTORGARH,https://www.chittorgarh.com/ipo/ipo_perf_tracker.asp?year=2024,2026-09-04T06:29:59.785782+00:00
261,Stanley Lifestyles Ltd.,STANLEY,NSE,MAINBOARD,,,2024-06-28,369.0,,,,537.02,,,,,,86.67,121.66,19.27,68.33,494.95,PRIMARY_VERIFIED,34.13,CHITTORGARH,https://www.chittorgarh.com/ipo/ipo_perf_tracker.asp?year=2024,2026-09-04T06:29:59.785782+00:00
262,Allied Blenders & Distillers Ltd.,ABDL,NSE,MAINBOARD,,,2024-07-02,281.0,,,,1500.0,,,,,,21.76,34.06,4.73,17.61,320.0,PRIMARY_VERIFIED,13.88,CHITTORGARH,https://www.chittorgarh.com/ipo/ipo_perf_tracker.asp?year=2024,2026-09-04T06:29:59.785782+00:00
263,Vraj Iron & Steel Ltd.,VRAJ,NSE,MAINBOARD,,,2024-07-03,207.0,,,,171.0,,,,,,69.92,221.52,57.55,88.33,240.0,PRIMARY_VERIFIED,15.94,CHITTORGARH,https://www.chittorgarh.com/ipo/ipo_perf_tracker.asp?year=2024,2026-09-04T06:29:59.785782+00:00
264,Bansal Wire Industries Ltd.,BANSALWIRE,NSE,MAINBOARD,,,2024-07-10,256.0,,,,745.0,,,,,,62.01,54.16,14.16,44.08,356.0,SECONDARY_VERIFIED,39.06,CHITTORGARH,https://www.chittorgarh.com/ipo/ipo_perf_tracker.asp?year=2024,2026-09-04T06:29:59.785782+00:00
265,Emcure Pharmaceuticals Ltd.,EMCURE,NSE,MAINBOARD,,,2024-07-10,1008.0,,,,1952.03,,,,,,76.95,49.21,7.23,48.13,1325.05,SECONDARY_VERIFIED,31.45,CHITTORGARH,https://www.chittorgarh.com/ipo/ipo_perf_tracker.asp?year=2024,2026-09-04T06:29:59.785782+00:00
266,Sanstar Ltd.,SANSTAR,NSE,MAINBOARD,,,2024-07-26,95.0,,,,510.15,,,,,,58.84,135.23,23.54,57.94,109.0,SECONDARY_VERIFIED,14.74,CHITTORGARH,https://www.chittorgarh.com/ipo/ipo_perf_tracker.asp?year=2024,2026-09-04T06:29:59.785782+00:00
267,Akums Drugs & Pharmaceuticals Ltd.,AKUMS,NSE,MAINBOARD,,,2024-08-06,679.0,,,,1856.74,,,,,,36.57,42.15,21.02,35.54,725.0,SECONDARY_VERIFIED,6.77,CHITTORGARH,https://www.chittorgarh.com/ipo/ipo_perf_tracker.asp?year=2024,2026-09-04T06:29:59.785782+00:00
268,Ceigall India Ltd.,CEIGALL,NSE,MAINBOARD,,,2024-08-08,401.0,,,,1252.66,,,,,,13.13,14.85,3.89,10.14,419.0,SECONDARY_VERIFIED,4.49,CHITTORGARH,https://www.chittorgarh.com/ipo/ipo_perf_tracker.asp?year=2024,2026-09-04T06:29:59.785782+00:00
269,Ola Electric Mobility Ltd.,OLAELEC,NSE,MAINBOARD,,,2024-08-09,76.0,,,,6145.56,,,,,,2.84,2.2,3.86,2.85,76.0,SECONDARY_VERIFIED,0.0,CHITTORGARH,https://www.chittorgarh.com/ipo/ipo_perf_tracker.asp?year=2024,2026-09-04T06:29:59.785782+00:00
270,Brainbees Solutions Ltd.,FIRSTCRY,NSE,MAINBOARD,,,2024-08-13,465.0,,,,4193.73,,,,,,8.32,4.69,2.38,7.17,651.0,SECONDARY_VERIFIED,40.0,CHITTORGARH,https://www.chittorgarh.com/ipo/ipo_perf_tracker.asp?year=2024,2026-09-04T06:29:59.785782+00:00
271,Unicommerce eSolutions Ltd.,UNIECOM,NSE,MAINBOARD,,,2024-08-13,108.0,,,,276.57,,,,,,55.83,254.2,136.56,93.66,235.0,SECONDARY_VERIFIED,117.59,CHITTORGARH,https://www.chittorgarh.com/ipo/ipo_perf_tracker.asp?year=2024,2026-09-04T06:29:59.785782+00:00
272,Saraswati Saree Depot Ltd.,SSDL,NSE,MAINBOARD,,,2024-08-20,160.0,,,,160.01,,,,,,63.3,360.72,64.8,108.44,194.0,SECONDARY_VERIFIED,21.25,CHITTORGARH,https://www.chittorgarh.com/ipo/ipo_perf_tracker.asp?year=2024,2026-09-04T06:29:59.785782+00:00
273,Interarch Building Products Ltd.,INTERARCH,NSE,MAINBOARD,,,2024-08-26,900.0,,,,600.29,,,,,,79.44,127.48,20.4,65.75,1220.0,SECONDARY_VERIFIED,35.56,CHITTORGARH,https://www.chittorgarh.com/ipo/ipo_perf_tracker.asp?year=2024,2026-09-04T06:29:59.785782+00:00
274,Orient Technologies Ltd.,ORIENTTECH,NSE,MAINBOARD,,,2024-08-28,206.0,,,,214.76,,,,,,75.42,302.28,66.68,106.39,288.0,SECONDARY_VERIFIED,39.81,CHITTORGARH,https://www.chittorgarh.com/ipo/ipo_perf_tracker.asp?year=2024,2026-09-04T06:29:59.785782+00:00
275,Premier Energies Ltd.,PREMIERENE,NSE,MAINBOARD,,,2024-09-03,450.0,,,,2830.4,,,,,,85.49,50.73,7.59,52.82,990.0,SECONDARY_VERIFIED,120.0,CHITTORGARH,https://www.chittorgarh.com/ipo/ipo_perf_tracker.asp?year=2024,2026-09-04T06:29:59.785782+00:00
276,ECOS (India) Mobility & Hospitality Ltd.,ECOSMOBLTY,NSE,MAINBOARD,,,2024-09-04,334.0,,,,601.2,,,,,,55.38,70.23,19.31,44.98,390.0,SECONDARY_VERIFIED,16.77,CHITTORGARH,https://www.chittorgarh.com/ipo/ipo_perf_tracker.asp?year=2024,2026-09-04T06:29:59.785782+00:00
277,Baazar Style Retail Ltd.,STYLEBAAZA,NSE,MAINBOARD,,,2024-09-06,389.0,,,,834.68,,,,,,33.32,59.53,9.36,28.83,389.0,SECONDARY_VERIFIED,0.0,CHITTORGARH,https://www.chittorgarh.com/ipo/ipo_perf_tracker.asp?year=2024,2026-09-04T06:29:59.785782+00:00
278,Gala Precision Engineering Ltd.,GALAPREC,NSE,MAINBOARD,,,2024-09-09,529.0,,,,167.93,,,,,,92.68,425.84,102.38,145.78,721.1,SECONDARY_VERIFIED,36.31,CHITTORGARH,https://www.chittorgarh.com/ipo/ipo_perf_tracker.asp?year=2024,2026-09-04T06:29:59.785782+00:00
279,Shree Tirupati Balajee Agro Trading Co.Ltd.,BALAJEE,NSE,MAINBOARD,,,2024-09-12,83.0,,,,169.65,,,,,,60.56,209.02,71.62,86.7,90.0,SECONDARY_VERIFIED,8.43,CHITTORGARH,https://www.chittorgarh.com/ipo/ipo_perf_tracker.asp?year=2024,2026-09-04T06:29:59.785782+00:00
280,Bajaj Housing Finance Ltd.,BAJAJHFL,NSE,MAINBOARD,,,2024-09-16,70.0,,,,6560.0,,,,,,89.67,42.85,7.54,49.63,150.0,SECONDARY_VERIFIED,114.29,CHITTORGARH,https://www.chittorgarh.com/ipo/ipo_perf_tracker.asp?year=2024,2026-09-04T06:29:59.785782+00:00
281,Kross Ltd.,KROSS,NSE,MAINBOARD,,,2024-09-16,240.0,,,,500.0,,,,,,10.44,23.36,11.48,12.74,240.0,SECONDARY_VERIFIED,0.0,CHITTORGARH,https://www.chittorgarh.com/ipo/ipo_perf_tracker.asp?year=2024,2026-09-04T06:29:59.785782+00:00
282,Tolins Tyres Ltd.,TOLINS,NSE,MAINBOARD,,,2024-09-16,226.0,,,,230.0,,,,,,11.43,28.72,22.31,17.83,228.0,SECONDARY_VERIFIED,0.88,CHITTORGARH,https://www.chittorgarh.com/ipo/ipo_perf_tracker.asp?year=2024,2026-09-04T06:29:59.785782+00:00
283,P N Gadgil Jewellers Ltd.,PNGJL,NSE,MAINBOARD,,,2024-09-17,480.0,,,,1100.0,,,,,,58.18,58.89,17.73,44.13,830.0,SECONDARY_VERIFIED,72.92,CHITTORGARH,https://www.chittorgarh.com/ipo/ipo_perf_tracker.asp?year=2024,2026-09-04T06:29:59.785782+00:00
284,Arkade Developers Ltd.,ARKADE,NSE,MAINBOARD,,,2024-09-24,128.0,,,,410.0,,,,,,69.48,174.23,58.03,80.78,175.0,SECONDARY_VERIFIED,36.72,CHITTORGARH,https://www.chittorgarh.com/ipo/ipo_perf_tracker.asp?year=2024,2026-09-04T06:29:59.785782+00:00
285,Northern Arc Capital Ltd.,NORTHARC,NSE,MAINBOARD,,,2024-09-24,263.0,,,,777.0,,,,,,97.41,149.32,32.85,80.97,350.0,SECONDARY_VERIFIED,33.08,CHITTORGARH,https://www.chittorgarh.com/ipo/ipo_perf_tracker.asp?year=2024,2026-09-04T06:29:59.785782+00:00
286,Western Carriers (India) Ltd.,WCIL,NSE,MAINBOARD,,,2024-09-24,172.0,,,,492.88,,,,,,12.01,46.53,27.21,22.51,171.0,SECONDARY_VERIFIED,-0.58,CHITTORGARH,https://www.chittorgarh.com/ipo/ipo_perf_tracker.asp?year=2024,2026-09-04T06:29:59.785782+00:00
287,Manba Finance Ltd.,MANBA,NSE,MAINBOARD,,,2024-09-30,120.0,,,,150.84,,,,,,58.0,511.91,139.75,154.7,150.0,SECONDARY_VERIFIED,25.0,CHITTORGARH,https://www.chittorgarh.com/ipo/ipo_perf_tracker.asp?year=2024,2026-09-04T06:29:59.785782+00:00
288,KRN Heat Exchanger & Refrigeration Ltd.,KRN,NSE,MAINBOARD,,,2024-10-03,220.0,,,,341.95,,,,,,102.4,428.12,101.07,151.95,480.0,SECONDARY_VERIFIED,118.18,CHITTORGARH,https://www.chittorgarh.com/ipo/ipo_perf_tracker.asp?year=2024,2026-09-04T06:29:59.785782+00:00
289,Diffusion Engineers Ltd.,DIFFNKG,NSE,MAINBOARD,,,2024-10-04,168.0,,,,157.96,,,,,,38.77,76.42,83.84,59.88,193.5,SECONDARY_VERIFIED,15.18,CHITTORGARH,https://www.chittorgarh.com/ipo/ipo_perf_tracker.asp?year=2024,2026-09-04T06:29:59.785782+00:00
290,Garuda Construction & Engineering Ltd.,GARUDA,NSE,MAINBOARD,,,2024-10-15,95.0,,,,264.1,,,,,,1.13,8.93,10.56,5.6,105.0,SECONDARY_VERIFIED,10.53,CHITTORGARH,https://www.chittorgarh.com/ipo/ipo_perf_tracker.asp?year=2024,2026-09-04T06:29:59.785782+00:00
291,Hyundai Motor India Ltd.,HYUNDAI,NSE,MAINBOARD,,,2024-10-22,1960.0,,,,27858.75,,,,,,3.4,0.57,0.44,1.93,1934.0,SECONDARY_VERIFIED,-1.33,CHITTORGARH,https://www.chittorgarh.com/ipo/ipo_perf_tracker.asp?year=2024,2026-09-04T06:29:59.785782+00:00
292,Deepak Builders & Engineers India Ltd.,DBEIL,NSE,MAINBOARD,,,2024-10-28,203.0,,,,260.04,,,,,,6.03,81.74,38.95,28.91,200.0,SECONDARY_VERIFIED,-1.48,CHITTORGARH,https://www.chittorgarh.com/ipo/ipo_perf_tracker.asp?year=2024,2026-09-04T06:29:59.785782+00:00
293,Waaree Energies Ltd.,WAAREEENER,NSE,MAINBOARD,,,2024-10-28,1503.0,,,,4321.44,,,,,,86.51,64.65,11.06,55.98,2500.0,SECONDARY_VERIFIED,66.33,CHITTORGARH,https://www.chittorgarh.com/ipo/ipo_perf_tracker.asp?year=2024,2026-09-04T06:29:59.785782+00:00
294,Godavari Biorefineries Ltd.,GODAVARIB,NSE,MAINBOARD,,,2024-10-30,352.0,,,,554.75,,,,,,1.77,0.89,1.68,1.61,308.0,SECONDARY_VERIFIED,-12.5,CHITTORGARH,https://www.chittorgarh.com/ipo/ipo_perf_tracker.asp?year=2024,2026-09-04T06:29:59.785782+00:00
295,Afcons Infrastructure Ltd.,AFCONS,NSE,MAINBOARD,,,2024-11-04,463.0,,,,5430.0,,,,,,2.19,5.23,0.94,2.2,426.0,SECONDARY_VERIFIED,-7.99,CHITTORGARH,https://www.chittorgarh.com/ipo/ipo_perf_tracker.asp?year=2024,2026-09-04T06:29:59.785782+00:00
296,Sagility India Ltd.,SAGILITY,NSE,MAINBOARD,,,2024-11-12,30.0,,,,2106.4,,,,,,2.04,1.88,3.98,2.2,31.06,SECONDARY_VERIFIED,3.53,CHITTORGARH,https://www.chittorgarh.com/ipo/ipo_perf_tracker.asp?year=2024,2026-09-04T06:29:59.785782+00:00
297,ACME Solar Holdings Ltd.,ACMESOLAR,NSE,MAINBOARD,,,2024-11-13,289.0,,,,2900.0,,,,,,2.12,0.95,3.12,2.04,251.0,SECONDARY_VERIFIED,-13.15,CHITTORGARH,https://www.chittorgarh.com/ipo/ipo_perf_tracker.asp?year=2024,2026-09-04T06:29:59.785782+00:00
298,Swiggy Ltd.,SWIGGY,NSE,MAINBOARD,,,2024-11-13,390.0,,,,11327.43,,,,,,3.01,0.39,1.06,2.42,420.0,SECONDARY_VERIFIED,7.69,CHITTORGARH,https://www.chittorgarh.com/ipo/ipo_perf_tracker.asp?year=2024,2026-09-04T06:29:59.785782+00:00
299,Niva Bupa Health Insurance Co.Ltd.,NIVABUPA,NSE,MAINBOARD,,,2024-11-14,74.0,,,,2200.0,,,,,,1.49,0.7,2.77,1.5,78.5,SECONDARY_VERIFIED,6.08,CHITTORGARH,https://www.chittorgarh.com/ipo/ipo_perf_tracker.asp?year=2024,2026-09-04T06:29:59.785782+00:00
300,Zinka Logistics Solutions Ltd.,BLACKBUCK,NSE,MAINBOARD,,,2024-11-22,273.0,,,,1114.72,,,,,,1.53,0.23,1.6,1.34,279.05,SECONDARY_VERIFIED,2.22,CHITTORGARH,https://www.chittorgarh.com/ipo/ipo_perf_tracker.asp?year=2024,2026-09-04T06:29:59.785782+00:00
301,NTPC Green Energy Ltd.,NTPCGREEN,NSE,MAINBOARD,,,2024-11-27,108.0,,,,10000.0,,,,,,2.01,0.84,3.6,1.91,111.5,SECONDARY_VERIFIED,3.24,CHITTORGARH,https://www.chittorgarh.com/ipo/ipo_perf_tracker.asp?year=2024,2026-09-04T06:29:59.785782+00:00
302,Enviro Infra Engineers Ltd.,EIEL,NSE,MAINBOARD,,,2024-11-29,148.0,,,,650.3,,,,,,63.5,152.57,23.86,62.85,220.0,SECONDARY_VERIFIED,48.65,CHITTORGARH,https://www.chittorgarh.com/ipo/ipo_perf_tracker.asp?year=2024,2026-09-04T06:29:59.785782+00:00
303,Suraksha Diagnostic Ltd.,SURAKSHA,NSE,MAINBOARD,,,2024-12-06,441.0,,,,846.25,,,,,,1.31,1.39,0.88,1.17,438.0,SECONDARY_VERIFIED,-0.68,CHITTORGARH,https://www.chittorgarh.com/ipo/ipo_perf_tracker.asp?year=2024,2026-09-04T06:29:59.785782+00:00
304,Property Share Investment Trust-PropShare Platina,,NSE,MAINBOARD,,,2024-12-10,1050000.0,,,,352.9,,,,,,0.49,3.44,,1.22,1050000.0,SECONDARY_VERIFIED,0.0,CHITTORGARH,https://www.chittorgarh.com/ipo/ipo_perf_tracker.asp?year=2024,2026-09-04T06:29:59.785782+00:00
305,One Mobikwik Systems Ltd.,MOBIKWIK,NSE,MAINBOARD,,,2024-12-18,279.0,,,,572.0,,,,,,50.81,114.38,143.52,69.61,440.0,SECONDARY_VERIFIED,57.71,CHITTORGARH,https://www.chittorgarh.com/ipo/ipo_perf_tracker.asp?year=2024,2026-09-04T06:29:59.785782+00:00
306,Sai Life Sciences Ltd.,SAILIFE,NSE,MAINBOARD,,,2024-12-18,549.0,,,,3042.62,,,,,,12.54,4.99,1.36,7.5,650.0,SECONDARY_VERIFIED,18.4,CHITTORGARH,https://www.chittorgarh.com/ipo/ipo_perf_tracker.asp?year=2024,2026-09-04T06:29:59.785782+00:00
307,Vishal Mega Mart Ltd.,VMM,NSE,MAINBOARD,,,2024-12-18,78.0,,,,8000.0,,,,,,34.65,14.96,2.44,20.42,104.0,SECONDARY_VERIFIED,33.33,CHITTORGARH,https://www.chittorgarh.com/ipo/ipo_perf_tracker.asp?year=2024,2026-09-04T06:29:59.785782+00:00
308,Inventurus Knowledge Solutions Ltd.,IKS,NSE,MAINBOARD,,,2024-12-19,1329.0,,,,2497.92,,,,,,32.84,23.13,14.65,29.46,1900.0,SECONDARY_VERIFIED,42.96,CHITTORGARH,https://www.chittorgarh.com/ipo/ipo_perf_tracker.asp?year=2024,2026-09-04T06:29:59.785782+00:00
309,International Gemmological Institute (India) Ltd.,IGIL,NSE,MAINBOARD,,,2024-12-20,417.0,,,,4225.0,,,,,,19.83,25.84,11.48,19.89,510.0,SECONDARY_VERIFIED,22.3,CHITTORGARH,https://www.chittorgarh.com/ipo/ipo_perf_tracker.asp?year=2024,2026-09-04T06:29:59.785782+00:00
310,Concord Enviro Systems Ltd.,CEWATER,NSE,MAINBOARD,,,2024-12-27,701.0,,,,500.33,,,,,,7.39,14.4,5.68,7.84,826.0,SECONDARY_VERIFIED,17.83,CHITTORGARH,https://www.chittorgarh.com/ipo/ipo_perf_tracker.asp?year=2024,2026-09-04T06:29:59.785782+00:00
311,DAM Capital Advisors Ltd.,DAMCAPITAL,NSE,MAINBOARD,,,2024-12-27,283.0,,,,840.25,,,,,,67.08,98.1,27.22,57.65,393.0,SECONDARY_VERIFIED,38.87,CHITTORGARH,https://www.chittorgarh.com/ipo/ipo_perf_tracker.asp?year=2024,2026-09-04T06:29:59.785782+00:00
312,Mamata Machinery Ltd.,MAMATA,NSE,MAINBOARD,,,2024-12-27,243.0,,,,179.35,,,,,,94.92,272.75,139.29,136.48,600.0,SECONDARY_VERIFIED,146.91,CHITTORGARH,https://www.chittorgarh.com/ipo/ipo_perf_tracker.asp?year=2024,2026-09-04T06:29:59.785782+00:00
313,Sanathan Textiles Ltd.,SANATHAN,NSE,MAINBOARD,,,2024-12-27,321.0,,,,550.0,,,,,,32.51,44.26,9.3,26.15,422.3,SECONDARY_VERIFIED,31.56,CHITTORGARH,https://www.chittorgarh.com/ipo/ipo_perf_tracker.asp?year=2024,2026-09-04T06:29:59.785782+00:00
314,Transrail Lighting Ltd.,TRANSRAILL,NSE,MAINBOARD,,,2024-12-27,432.0,,,,838.91,,,,,,79.49,78.1,23.08,58.2,590.0,SECONDARY_VERIFIED,36.57,CHITTORGARH,https://www.chittorgarh.com/ipo/ipo_perf_tracker.asp?year=2024,2026-09-04T06:29:59.785782+00:00
315,Carraro India Ltd.,CARRARO,NSE,MAINBOARD,,,2024-12-30,704.0,,,,1250.0,,,,,,1.56,0.59,0.72,1.12,651.0,SECONDARY_VERIFIED,-7.53,CHITTORGARH,https://www.chittorgarh.com/ipo/ipo_perf_tracker.asp?year=2024,2026-09-04T06:29:59.785782+00:00
316,Senores Pharmaceuticals Ltd.,SENORES,NSE,MAINBOARD,,,2024-12-30,391.0,,,,582.11,,,,,,40.12,98.1,94.87,54.02,593.7,SECONDARY_VERIFIED,51.84,CHITTORGARH,https://www.chittorgarh.com/ipo/ipo_perf_tracker.asp?year=2024,2026-09-04T06:29:59.785782+00:00
317,Ventive Hospitality Ltd.,VENTIVE,NSE,MAINBOARD,,,2024-12-30,643.0,,,,1600.0,,,,,,4.43,14.54,6.19,6.12,716.0,SECONDARY_VERIFIED,11.35,CHITTORGARH,https://www.chittorgarh.com/ipo/ipo_perf_tracker.asp?year=2024,2026-09-04T06:29:59.785782+00:00
318,Unimech Aerospace & Manufacturing Ltd.,UNIMECH,NSE,MAINBOARD,,,2024-12-31,785.0,,,,500.0,,,,,,133.73,275.23,57.86,128.02,1460.0,SECONDARY_VERIFIED,85.99,CHITTORGARH,https://www.chittorgarh.com/ipo/ipo_perf_tracker.asp?year=2024,2026-09-04T06:29:59.785782+00:00
